Workbook

Sheet history
A1: snapshot_date | B1: snapshot_ts | C1: carrier | D1: category | E1: state | F1: plan_name | G1: plan_id | H1: price_brl | I1: price_promo_brl | J1: price_note | K1: data_gb | L1: data_note | M1: validity_days | N1: unlimited_apps | O1: voice | P1: sms | Q1: streaming | R1: loyalty_months | S1: extra_benefits | T1: source_url | U1: raw_ref
A2: 2026-06-22 | B2: 2026-06-22T22:45:24 | C2: claro | D2: control | E2: SP | F2: Controle 25GB | G2: claro:plano-controle-25gb | H2: 59.9 | I2: 54.9 | J2: De R$ 59,90 Por: | K2: 25 | N2: WhatsApp | S2: Para uso livre; Para redes sociais e vídeos; Bônus exclusivo; Aproveite na sua franquia; WhatsApp e ligações ilimitadas | T2: https://www.claro.com.br/celular/controle | U2: data/raw/claro_control_SP.json
A3: 2026-06-22 | B3: 2026-06-22T22:45:24 | C3: claro | D3: control | E3: SP | F3: Controle 30GB | G3: claro:plano-controle-30gb | H3: 69.9 | K3: 30 | N3: WhatsApp | S3: Para uso livre; Bônus do Hexa para uso livre; Bônus para redes sociais e apps; Redes sociais e apps; WhatsApp ilimitado | T3: https://www.claro.com.br/celular/controle | U3: data/raw/claro_control_SP.json
A4: 2026-06-22 | B4: 2026-06-22T22:45:24 | C4: claro | D4: control | E4: SP | F4: Controle 30GB | G4: claro:plano-controle-30gb-gaming | H4: 99.9 | K4: 30 | N4: WhatsApp | S4: Para uso livre; Bônus para redes sociais e apps; Bônus uso livre; Redes sociais e apps; WhatsApp ilimitado | T4: https://www.claro.com.br/celular/controle | U4: data/raw/claro_control_SP.json
A5: 2026-06-22 | B5: 2026-06-22T22:45:24 | C5: claro | D5: flex | E5: SP | F5: Flex 15GB | G5: claro:plano-flex-15gb | H5: 44.9 | K5: 15 | N5: WhatsApp | S5: Para uso livre; Bônus do Hexa para uso livre; Para redes sociais e apps; Bônus extra nos apps; WhatsApp ilimitado | T5: https://www.claro.com.br/celular/flex | U5: data/raw/claro_flex_SP.json
A6: 2026-06-22 | B6: 2026-06-22T22:45:24 | C6: claro | D6: flex | E6: SP | F6: Flex 20GB | G6: claro:plano-flex-20gb | H6: 59.9 | K6: 20 | N6: WhatsApp | S6: Para uso livre; Bônus do Hexa para uso livre; Para redes sociais e apps; Bônus extra nos apps; WhatsApp ilimitado | T6: https://www.claro.com.br/celular/flex | U6: data/raw/claro_flex_SP.json
A7: 2026-06-22 | B7: 2026-06-22T22:45:24 | C7: claro | D7: flex | E7: SP | F7: Flex 30GB | G7: claro:plano-flex-30gb | H7: 69.9 | K7: 30 | N7: WhatsApp | S7: Para uso livre; Bônus do Hexa para uso livre; Para redes sociais e apps; Bônus extra nos apps; WhatsApp ilimitado; Assinatura Claro musica inclusa | T7: https://www.claro.com.br/celular/flex | U7: data/raw/claro_flex_SP.json
A8: 2026-06-22 | B8: 2026-06-22T22:45:24 | C8: claro | D8: flex | E8: SP | F8: Flex 40GB | G8: claro:plano-flex-40gb | H8: 119.9 | K8: 40 | N8: WhatsApp | S8: Para uso livre; Para redes sociais e apps; Bônus uso livre; Bônus extra nos apps; WhatsApp ilimitado; Assinatura Claro musica inclusa | T8: https://www.claro.com.br/celular/flex | U8: data/raw/claro_flex_SP.json
A9: 2026-06-22 | B9: 2026-06-22T22:45:24 | C9: claro | D9: postpaid | E9: SP | F9: Pós 100GB | G9: claro:plano-pos-100gb | H9: 179.9 | K9: 100 | N9: WhatsApp | S9: Armazenamento na nuvem:; Google One ou iCloud+; WhatsApp ilimitado; Roaming: Passaporte Américas; Claro Sync: Smartwatch conectado | T9: https://www.claro.com.br/celular/pos | U9: data/raw/claro_postpaid_SP.json
A10: 2026-06-22 | B10: 2026-06-22T22:45:24 | C10: claro | D10: postpaid | E10: SP | F10: Pós 150GB | G10: claro:plano-pos-150gb | H10: 239.9 | K10: 150 | N10: WhatsApp | S10: Armazenamento na nuvem:; Google One ou iCloud+; WhatsApp ilimitado; Roaming: Passaporte Américas e Europa; Claro Sync: Smartwatch conectado | T10: https://www.claro.com.br/celular/pos | U10: data/raw/claro_postpaid_SP.json
A11: 2026-06-22 | B11: 2026-06-22T22:45:24 | C11: claro | D11: postpaid | E11: SP | F11: Pós 200GB | G11: claro:plano-pos-200gb | H11: 339.9 | K11: 200 | N11: WhatsApp | S11: Armazenamento na nuvem:; Google One ou iCloud+; WhatsApp ilimitado; Roaming: Passaporte Mundo; Claro Sync: Smartwatch conectado | T11: https://www.claro.com.br/celular/pos | U11: data/raw/claro_postpaid_SP.json
A12: 2026-06-22 | B12: 2026-06-22T22:45:24 | C12: claro | D12: postpaid | E12: SP | F12: Pós 50GB com GeForce NOW | G12: claro:plano-pos-60gb-geforce | H12: 164.9 | K12: 50 | N12: WhatsApp | S12: Armazenamento na nuvem:; Google One ou iCloud+; WhatsApp ilimitado; Roaming: Passaporte Américas; Claro Sync: Smartwatch conectado; Inclusa assinatura GeForce NOW | T12: https://www.claro.com.br/celular/pos | U12: data/raw/claro_postpaid_SP.json
A13: 2026-06-22 | B13: 2026-06-22T22:45:24 | C13: claro | D13: postpaid | E13: SP | F13: Pós 60GB | G13: claro:plano-pos-60gb | H13: 124.9 | K13: 60 | N13: WhatsApp | S13: Armazenamento na nuvem:; Google One ou iCloud+; WhatsApp ilimitado; Roaming: Passaporte Américas; Claro Sync: Smartwatch conectado | T13: https://www.claro.com.br/celular/pos | U13: data/raw/claro_postpaid_SP.json
A14: 2026-06-22 | B14: 2026-06-22T22:45:24 | C14: claro | D14: prepaid | E14: SP | F14: Prezão R$1 por dia | G14: claro:prez-o-r-1-por-dia | H14: 1 | J14: prepaid Prezão — preço por dia; recargas a partir de R$15 | K14: 12 | T14: https://www.claro.com.br/celular/planos-pre/prezao | U14: data/raw/claro_prepaid_SP.json
A15: 2026-06-22 | B15: 2026-06-22T22:45:24 | C15: tim | D15: control | E15: SP | F15: TIM Controle 41GB | G15: tim:162901 | H15: 58.99 | K15: 41 | T15: https://www.tim.com.br/sp/para-voce/planos/controle | U15: data/raw/tim_control_SP.html
A16: 2026-06-22 | B16: 2026-06-22T22:45:24 | C16: tim | D16: control | E16: SP | F16: TIM Controle Light Express 31GB | G16: tim:143536 | H16: 60.99 | K16: 31 | T16: https://www.tim.com.br/sp/para-voce/planos/controle | U16: data/raw/tim_control_SP.html
A17: 2026-06-22 | B17: 2026-06-22T22:45:24 | C17: tim | D17: control | E17: SP | F17: TIM Controle Plus 45GB | G17: tim:155891 | H17: 64.99 | K17: 45 | T17: https://www.tim.com.br/sp/para-voce/planos/controle | U17: data/raw/tim_control_SP.html
A18: 2026-06-22 | B18: 2026-06-22T22:45:24 | C18: tim | D18: control | E18: SP | F18: TIM Controle Premium 53GB | G18: tim:162896 | H18: 84.99 | K18: 53 | T18: https://www.tim.com.br/sp/para-voce/planos/controle | U18: data/raw/tim_control_SP.html
A19: 2026-06-22 | B19: 2026-06-22T22:45:24 | C19: tim | D19: control | E19: SP | F19: TIM Controle Pro Express | G19: tim:143576 | H19: 64.99 | T19: https://www.tim.com.br/sp/para-voce/planos/controle | U19: data/raw/tim_control_SP.html
A20: 2026-06-22 | B20: 2026-06-22T22:45:24 | C20: tim | D20: postpaid | E20: SP | F20: TIM Black 70GB | G20: tim:54206 | H20: 129.99 | K20: 70 | T20: https://www.tim.com.br/sp/para-voce/planos/pos-pago/tim-black | U20: data/raw/tim_postpaid_SP.html
A21: 2026-06-22 | B21: 2026-06-22T22:45:24 | C21: tim | D21: postpaid | E21: SP | F21: TIM Black A Express 67GB | G21: tim:55121 | H21: 119.99 | K21: 67 | T21: https://www.tim.com.br/sp/para-voce/planos/pos-pago/tim-black | U21: data/raw/tim_postpaid_SP.html
A22: 2026-06-22 | B22: 2026-06-22T22:45:24 | C22: tim | D22: postpaid | E22: SP | F22: TIM Black B Express 82GB | G22: tim:52146 | H22: 144.99 | K22: 82 | T22: https://www.tim.com.br/sp/para-voce/planos/pos-pago/tim-black | U22: data/raw/tim_postpaid_SP.html
A23: 2026-06-22 | B23: 2026-06-22T22:45:24 | C23: tim | D23: postpaid | E23: SP | F23: TIM Black C Express 107GB | G23: tim:52151 | H23: 164.99 | K23: 107 | T23: https://www.tim.com.br/sp/para-voce/planos/pos-pago/tim-black | U23: data/raw/tim_postpaid_SP.html
A24: 2026-06-22 | B24: 2026-06-22T22:45:24 | C24: tim | D24: postpaid | E24: SP | F24: TIM Black C Ultra 95GB | G24: tim:100581 | H24: 159.99 | K24: 95 | T24: https://www.tim.com.br/sp/para-voce/planos/pos-pago/tim-black | U24: data/raw/tim_postpaid_SP.html
A25: 2026-06-22 | B25: 2026-06-22T22:45:24 | C25: tim | D25: postpaid | E25: SP | F25: TIM Black Plus 80GB | G25: tim:54256 | H25: 149.99 | K25: 80 | T25: https://www.tim.com.br/sp/para-voce/planos/pos-pago/tim-black | U25: data/raw/tim_postpaid_SP.html
A26: 2026-06-22 | B26: 2026-06-22T22:45:24 | C26: tim | D26: postpaid | E26: SP | F26: TIM Black Premium 110GB | G26: tim:54261 | H26: 159.99 | K26: 110 | T26: https://www.tim.com.br/sp/para-voce/planos/pos-pago/tim-black | U26: data/raw/tim_postpaid_SP.html
A27: 2026-06-22 | B27: 2026-06-22T22:45:24 | C27: tim | D27: prepaid | E27: SP | F27: TIM Pré XIP Plus 16GB | G27: tim:106306 | H27: 30 | K27: 16 | T27: https://www.tim.com.br/sp/para-voce/planos/pre-pago | U27: data/raw/tim_prepaid_SP.html
A28: 2026-06-22 | B28: 2026-06-22T22:45:24 | C28: tim | D28: prepaid | E28: SP | F28: TIM Pré XIP Plus 6GB | G28: tim:59906 | H28: 20 | K28: 6 | T28: https://www.tim.com.br/sp/para-voce/planos/pre-pago | U28: data/raw/tim_prepaid_SP.html
A29: 2026-06-22 | B29: 2026-06-22T22:45:24 | C29: tim | D29: prepaid | E29: SP | F29: TIM Pré XIP Plus 8GB | G29: tim:59901 | H29: 25 | K29: 8 | T29: https://www.tim.com.br/sp/para-voce/planos/pre-pago | U29: data/raw/tim_prepaid_SP.html
A30: 2026-06-22 | B30: 2026-06-22T22:45:24 | C30: vivo | D30: control | E30: SP | F30: Vivo Controle | G30: vivo:VIV202600029270-46gb | H30: 59 | K30: 46 | L30: 15 GB de franquia 31 GB de bônus | S30: 6 meses grátis de Gemini com AI Plus | T30: https://vivo.com.br/para-voce/produtos-e-servicos/para-o-celular/planos-controle | U30: data/raw/vivo_control_SP.html
A31: 2026-06-22 | B31: 2026-06-22T22:45:24 | C31: vivo | D31: control | E31: SP | F31: Vivo Controle | G31: vivo:VIV202600029300-61gb | H31: 80 | K31: 61 | L31: 20 GB de franquia 31 GB de bônus | S31: 6 meses grátis de Gemini com AI Plus | T31: https://vivo.com.br/para-voce/produtos-e-servicos/para-o-celular/planos-controle | U31: data/raw/vivo_control_SP.html
A32: 2026-06-22 | B32: 2026-06-22T22:45:24 | C32: vivo | D32: control | E32: SP | F32: Vivo Controle Educação | G32: vivo:VIV202600029273-61gb | H32: 90 | K32: 61 | L32: 20 GB de franquia 31 GB de bônus | S32: Assinatura Vivae inclusa | T32: https://vivo.com.br/para-voce/produtos-e-servicos/para-o-celular/planos-controle | U32: data/raw/vivo_control_SP.html
A33: 2026-06-22 | B33: 2026-06-22T22:45:24 | C33: vivo | D33: control | E33: SP | F33: Vivo Controle Entretenimento | G33: vivo:VIV202600029307-61gb | H33: 110 | K33: 61 | L33: 20 GB de franquia 31 GB de bônus | S33: Assinatura Vivo TV Inicial inclusa | T33: https://vivo.com.br/para-voce/produtos-e-servicos/para-o-celular/planos-controle | U33: data/raw/vivo_control_SP.html
A34: 2026-06-22 | B34: 2026-06-22T22:45:24 | C34: vivo | D34: control | E34: SP | F34: Vivo Controle Música | G34: vivo:VIV202600029313-61gb | H34: 95 | K34: 61 | L34: 20 GB de franquia 31 GB de bônus | S34: Apple Music Individual | T34: https://vivo.com.br/para-voce/produtos-e-servicos/para-o-celular/planos-controle | U34: data/raw/vivo_control_SP.html
A35: 2026-06-22 | B35: 2026-06-22T22:45:24 | C35: vivo | D35: control | E35: SP | F35: Vivo Controle Netflix | G35: vivo:VIV202600029308-61gb | H35: 95 | K35: 61 | L35: 20 GB de franquia 31 GB de bônus | S35: Assinatura Netflix Padrão com anúncios | T35: https://vivo.com.br/para-voce/produtos-e-servicos/para-o-celular/planos-controle | U35: data/raw/vivo_control_SP.html
A36: 2026-06-22 | B36: 2026-06-22T22:45:24 | C36: vivo | D36: control | E36: SP | F36: Vivo Controle Saúde | G36: vivo:VIV202600029301-61gb | H36: 90 | K36: 61 | L36: 20 GB de franquia 31 GB de bônus | S36: Assinatura Vale Saúde Sempre inclusa | T36: https://vivo.com.br/para-voce/produtos-e-servicos/para-o-celular/planos-controle | U36: data/raw/vivo_control_SP.html
A37: 2026-06-22 | B37: 2026-06-22T22:45:24 | C37: vivo | D37: lite | E37: SP | F37: Easy Lite | G37: vivo:VIV202600005312-30gb | H37: 30 | K37: 30 | L37: 30 GB de franquia 2 Meses de YouTube ilimitado | T37: https://vivo.com.br/para-voce/produtos-e-servicos/para-o-celular/easy-lite | U37: data/raw/vivo_lite_SP.html
A38: 2026-06-22 | B38: 2026-06-22T22:45:24 | C38: vivo | D38: lite | E38: SP | F38: Easy Lite | G38: vivo:VIV202600019134-40gb | H38: 40 | K38: 40 | L38: 40 GB de franquia 2 Meses de YouTube ilimitado | T38: https://vivo.com.br/para-voce/produtos-e-servicos/para-o-celular/easy-lite | U38: data/raw/vivo_lite_SP.html
A39: 2026-06-22 | B39: 2026-06-22T22:45:24 | C39: vivo | D39: lite | E39: SP | F39: Easy Lite | G39: vivo:VIV202600019132-20gb | H39: 35 | K39: 20 | L39: 20 GB de franquia 2 Meses de YouTube ilimitado | T39: https://vivo.com.br/para-voce/produtos-e-servicos/para-o-celular/easy-lite | U39: data/raw/vivo_lite_SP.html
A40: 2026-06-22 | B40: 2026-06-22T22:45:24 | C40: vivo | D40: lite | E40: SP | F40: Easy Lite | G40: vivo:VIV202600019127-30gb | H40: 40 | K40: 30 | T40: https://vivo.com.br/para-voce/produtos-e-servicos/para-o-celular/easy-lite | U40: data/raw/vivo_lite_SP.html
A41: 2026-06-22 | B41: 2026-06-22T22:45:24 | C41: vivo | D41: lite | E41: SP | F41: Easy Lite | G41: vivo:VIV202600019129-40gb | H41: 50 | K41: 40 | T41: https://vivo.com.br/para-voce/produtos-e-servicos/para-o-celular/easy-lite | U41: data/raw/vivo_lite_SP.html
A42: 2026-06-22 | B42: 2026-06-22T22:45:24 | C42: vivo | D42: postpaid | E42: SP | F42: Vivo Pós com Amazon | G42: vivo:VIV202600029255-60gb | H42: 150 | K42: 60 | L42: 50 GB de franquia 10 GB de bônus | S42: Assinatura Amazon Prime inclusa | T42: https://vivo.com.br/para-voce/produtos-e-servicos/para-o-celular/planos-pos-pago | U42: data/raw/vivo_postpaid_SP.html
A43: 2026-06-22 | B43: 2026-06-22T22:45:24 | C43: vivo | D43: postpaid | E43: SP | F43: Vivo Pós com Disney+ | G43: vivo:VIV202600022115-60gb | H43: 180 | K43: 60 | L43: 50 GB de franquia 10 GB de bônus | Q43: Disney+ | S43: Assinatura Disney+ Padrão inclusa | T43: https://vivo.com.br/para-voce/produtos-e-servicos/para-o-celular/planos-pos-pago | U43: data/raw/vivo_postpaid_SP.html
A44: 2026-06-22 | B44: 2026-06-22T22:45:24 | C44: vivo | D44: postpaid | E44: SP | F44: Vivo Pós com Globoplay | G44: vivo:VIV202600029246-60gb | H44: 165 | K44: 60 | L44: 50 GB de franquia 10 GB de bônus | Q44: Globoplay | S44: Assinatura Globoplay inclusa | T44: https://vivo.com.br/para-voce/produtos-e-servicos/para-o-celular/planos-pos-pago | U44: data/raw/vivo_postpaid_SP.html
A45: 2026-06-22 | B45: 2026-06-22T22:45:24 | C45: vivo | D45: postpaid | E45: SP | F45: Vivo Pós com Netflix | G45: vivo:VIV202600029234-60gb | H45: 180 | K45: 60 | L45: 50 GB de franquia 10 GB de bônus | Q45: Netflix | S45: Assinatura Netflix Padrão inclusa | T45: https://vivo.com.br/para-voce/produtos-e-servicos/para-o-celular/planos-pos-pago | U45: data/raw/vivo_postpaid_SP.html
A46: 2026-06-22 | B46: 2026-06-22T22:45:24 | C46: vivo | D46: postpaid | E46: SP | F46: Vivo Pós com Premiere | G46: vivo:VIV202600029249-60gb | H46: 180 | K46: 60 | L46: 50 GB de franquia 10 GB de bônus | Q46: Premiere | S46: Assinatura Premiere inclusa | T46: https://vivo.com.br/para-voce/produtos-e-servicos/para-o-celular/planos-pos-pago | U46: data/raw/vivo_postpaid_SP.html
A47: 2026-06-22 | B47: 2026-06-22T22:45:24 | C47: vivo | D47: postpaid | E47: SP | F47: Vivo Pós com Spotify | G47: vivo:VIV202600029229-60gb | H47: 165 | K47: 60 | L47: 50 GB de franquia 10 GB de bônus | Q47: Spotify | S47: Assinatura Spotify Premium inclusa | T47: https://vivo.com.br/para-voce/produtos-e-servicos/para-o-celular/planos-pos-pago | U47: data/raw/vivo_postpaid_SP.html
A48: 2026-06-22 | B48: 2026-06-22T22:45:24 | C48: vivo | D48: postpaid | E48: SP | F48: Vivo Pós com Travel | G48: vivo:VIV202600029244-70gb | H48: 215 | K48: 70 | L48: 60 GB de franquia 10 GB de bônus | S48: 6 meses grátis de Gemini com AI Plus | T48: https://vivo.com.br/para-voce/produtos-e-servicos/para-o-celular/planos-pos-pago | U48: data/raw/vivo_postpaid_SP.html
A49: 2026-06-22 | B49: 2026-06-22T22:45:24 | C49: vivo | D49: prepaid | E49: SP | F49: Vivo Pré | G49: vivo:VIV202600022379-25gb | H49: 30 | K49: 25 | L49: 15 GB para navegar como quiser 5 GB de bônus 5 GB para navegar no Youtube | T49: https://vivo.com.br/para-voce/produtos-e-servicos/para-o-celular/pre-pago/vivo-pre | U49: data/raw/vivo_prepaid_SP.html
A50: 2026-06-22 | B50: 2026-06-22T22:45:24 | C50: vivo | D50: prepaid | E50: SP | F50: Vivo Pré | G50: vivo:VIV202600022379-9gb | H50: 25 | K50: 9 | L50: 6 GB para navegar como quiser 3 GB para navegar no YouTube | T50: https://vivo.com.br/para-voce/produtos-e-servicos/para-o-celular/pre-pago/vivo-pre | U50: data/raw/vivo_prepaid_SP.html
A51: 2026-06-22 | B51: 2026-06-22T22:45:24 | C51: vivo | D51: prepaid | E51: SP | F51: Vivo Pré | G51: vivo:VIV202600022379-5gb | H51: 20 | K51: 5 | L51: 5 GB para navegar como quiser | T51: https://vivo.com.br/para-voce/produtos-e-servicos/para-o-celular/pre-pago/vivo-pre | U51: data/raw/vivo_prepaid_SP.html
A52: 2026-06-22 | B52: 2026-06-22T22:45:24 | C52: vivo | D52: prepaid | E52: SP | F52: Vivo Pré | G52: vivo:VIV202600022379-4gb | H52: 17 | K52: 4 | L52: 4 GB para navegar como quiser | T52: https://vivo.com.br/para-voce/produtos-e-servicos/para-o-celular/pre-pago/vivo-pre | U52: data/raw/vivo_prepaid_SP.html
A53: 2026-06-23 | B53: 2026-06-23T22:10:23 | C53: claro | D53: control | E53: SP | F53: Controle 25GB | G53: claro:plano-controle-25gb | H53: 59.9 | I53: 54.9 | J53: De R$ 59,90 Por: | K53: 25 | N53: WhatsApp | S53: Para uso livre; Para redes sociais e vídeos; Bônus exclusivo; Aproveite na sua franquia; WhatsApp e ligações ilimitadas | T53: https://www.claro.com.br/celular/controle | U53: data/raw/claro_control_SP.json
A54: 2026-06-23 | B54: 2026-06-23T22:10:23 | C54: claro | D54: control | E54: SP | F54: Controle 30GB | G54: claro:plano-controle-30gb | H54: 69.9 | K54: 30 | N54: WhatsApp | S54: Para uso livre; Bônus do Hexa para uso livre; Bônus para redes sociais e apps; Redes sociais e apps; WhatsApp ilimitado | T54: https://www.claro.com.br/celular/controle | U54: data/raw/claro_control_SP.json
A55: 2026-06-23 | B55: 2026-06-23T22:10:23 | C55: claro | D55: control | E55: SP | F55: Controle 30GB | G55: claro:plano-controle-30gb-gaming | H55: 99.9 | K55: 30 | N55: WhatsApp | S55: Para uso livre; Bônus para redes sociais e apps; Bônus uso livre; Redes sociais e apps; WhatsApp ilimitado | T55: https://www.claro.com.br/celular/controle | U55: data/raw/claro_control_SP.json
A56: 2026-06-23 | B56: 2026-06-23T22:10:23 | C56: claro | D56: flex | E56: SP | F56: Flex 15GB | G56: claro:plano-flex-15gb | H56: 44.9 | K56: 15 | N56: WhatsApp | S56: Para uso livre; Bônus do Hexa para uso livre; Para redes sociais e apps; Bônus extra nos apps; WhatsApp ilimitado | T56: https://www.claro.com.br/celular/flex | U56: data/raw/claro_flex_SP.json
A57: 2026-06-23 | B57: 2026-06-23T22:10:23 | C57: claro | D57: flex | E57: SP | F57: Flex 20GB | G57: claro:plano-flex-20gb | H57: 59.9 | K57: 20 | N57: WhatsApp | S57: Para uso livre; Bônus do Hexa para uso livre; Para redes sociais e apps; Bônus extra nos apps; WhatsApp ilimitado | T57: https://www.claro.com.br/celular/flex | U57: data/raw/claro_flex_SP.json
A58: 2026-06-23 | B58: 2026-06-23T22:10:23 | C58: claro | D58: flex | E58: SP | F58: Flex 30GB | G58: claro:plano-flex-30gb | H58: 69.9 | K58: 30 | N58: WhatsApp | S58: Para uso livre; Bônus do Hexa para uso livre; Para redes sociais e apps; Bônus extra nos apps; WhatsApp ilimitado; Assinatura Claro musica inclusa | T58: https://www.claro.com.br/celular/flex | U58: data/raw/claro_flex_SP.json
A59: 2026-06-23 | B59: 2026-06-23T22:10:23 | C59: claro | D59: flex | E59: SP | F59: Flex 40GB | G59: claro:plano-flex-40gb | H59: 119.9 | K59: 40 | N59: WhatsApp | S59: Para uso livre; Para redes sociais e apps; Bônus uso livre; Bônus extra nos apps; WhatsApp ilimitado; Assinatura Claro musica inclusa | T59: https://www.claro.com.br/celular/flex | U59: data/raw/claro_flex_SP.json
A60: 2026-06-23 | B60: 2026-06-23T22:10:23 | C60: claro | D60: postpaid | E60: SP | F60: Pós 100GB | G60: claro:plano-pos-100gb | H60: 179.9 | K60: 100 | N60: WhatsApp | S60: Armazenamento na nuvem:; Google One ou iCloud+; WhatsApp ilimitado; Roaming: Passaporte Américas; Claro Sync: Smartwatch conectado | T60: https://www.claro.com.br/celular/pos | U60: data/raw/claro_postpaid_SP.json
A61: 2026-06-23 | B61: 2026-06-23T22:10:23 | C61: claro | D61: postpaid | E61: SP | F61: Pós 150GB | G61: claro:plano-pos-150gb | H61: 239.9 | K61: 150 | N61: WhatsApp | S61: Armazenamento na nuvem:; Google One ou iCloud+; WhatsApp ilimitado; Roaming: Passaporte Américas e Europa; Claro Sync: Smartwatch conectado | T61: https://www.claro.com.br/celular/pos | U61: data/raw/claro_postpaid_SP.json
A62: 2026-06-23 | B62: 2026-06-23T22:10:23 | C62: claro | D62: postpaid | E62: SP | F62: Pós 200GB | G62: claro:plano-pos-200gb | H62: 339.9 | K62: 200 | N62: WhatsApp | S62: Armazenamento na nuvem:; Google One ou iCloud+; WhatsApp ilimitado; Roaming: Passaporte Mundo; Claro Sync: Smartwatch conectado | T62: https://www.claro.com.br/celular/pos | U62: data/raw/claro_postpaid_SP.json
A63: 2026-06-23 | B63: 2026-06-23T22:10:23 | C63: claro | D63: postpaid | E63: SP | F63: Pós 50GB com GeForce NOW | G63: claro:plano-pos-60gb-geforce | H63: 164.9 | K63: 50 | N63: WhatsApp | S63: Armazenamento na nuvem:; Google One ou iCloud+; WhatsApp ilimitado; Roaming: Passaporte Américas; Claro Sync: Smartwatch conectado; Inclusa assinatura GeForce NOW | T63: https://www.claro.com.br/celular/pos | U63: data/raw/claro_postpaid_SP.json
A64: 2026-06-23 | B64: 2026-06-23T22:10:23 | C64: claro | D64: postpaid | E64: SP | F64: Pós 60GB | G64: claro:plano-pos-60gb | H64: 124.9 | K64: 60 | N64: WhatsApp | S64: Armazenamento na nuvem:; Google One ou iCloud+; WhatsApp ilimitado; Roaming: Passaporte Américas; Claro Sync: Smartwatch conectado | T64: https://www.claro.com.br/celular/pos | U64: data/raw/claro_postpaid_SP.json
A65: 2026-06-23 | B65: 2026-06-23T22:10:23 | C65: claro | D65: prepaid | E65: SP | F65: Prezão R$1 por dia | G65: claro:prez-o-r-1-por-dia | H65: 1 | J65: prepaid Prezão — preço por dia; recargas a partir de R$15 | K65: 12 | T65: https://www.claro.com.br/celular/planos-pre/prezao | U65: data/raw/claro_prepaid_SP.json
A66: 2026-06-23 | B66: 2026-06-23T22:10:23 | C66: tim | D66: control | E66: SP | F66: TIM Controle 41GB | G66: tim:162901 | H66: 58.99 | K66: 41 | T66: https://www.tim.com.br/sp/para-voce/planos/controle | U66: data/raw/tim_control_SP.html
A67: 2026-06-23 | B67: 2026-06-23T22:10:23 | C67: tim | D67: control | E67: SP | F67: TIM Controle Light Express 31GB | G67: tim:143536 | H67: 60.99 | K67: 31 | T67: https://www.tim.com.br/sp/para-voce/planos/controle | U67: data/raw/tim_control_SP.html
A68: 2026-06-23 | B68: 2026-06-23T22:10:23 | C68: tim | D68: control | E68: SP | F68: TIM Controle Plus 45GB | G68: tim:155891 | H68: 64.99 | K68: 45 | T68: https://www.tim.com.br/sp/para-voce/planos/controle | U68: data/raw/tim_control_SP.html
A69: 2026-06-23 | B69: 2026-06-23T22:10:23 | C69: tim | D69: control | E69: SP | F69: TIM Controle Premium 53GB | G69: tim:162896 | H69: 84.99 | K69: 53 | T69: https://www.tim.com.br/sp/para-voce/planos/controle | U69: data/raw/tim_control_SP.html
A70: 2026-06-23 | B70: 2026-06-23T22:10:23 | C70: tim | D70: control | E70: SP | F70: TIM Controle Pro Express | G70: tim:143576 | H70: 64.99 | T70: https://www.tim.com.br/sp/para-voce/planos/controle | U70: data/raw/tim_control_SP.html
A71: 2026-06-23 | B71: 2026-06-23T22:10:23 | C71: tim | D71: postpaid | E71: SP | F71: TIM Black 70GB | G71: tim:54206 | H71: 129.99 | K71: 70 | T71: https://www.tim.com.br/sp/para-voce/planos/pos-pago/tim-black | U71: data/raw/tim_postpaid_SP.html
A72: 2026-06-23 | B72: 2026-06-23T22:10:23 | C72: tim | D72: postpaid | E72: SP | F72: TIM Black A Express 67GB | G72: tim:55121 | H72: 119.99 | K72: 67 | T72: https://www.tim.com.br/sp/para-voce/planos/pos-pago/tim-black | U72: data/raw/tim_postpaid_SP.html
A73: 2026-06-23 | B73: 2026-06-23T22:10:23 | C73: tim | D73: postpaid | E73: SP | F73: TIM Black B Express 82GB | G73: tim:52146 | H73: 144.99 | K73: 82 | T73: https://www.tim.com.br/sp/para-voce/planos/pos-pago/tim-black | U73: data/raw/tim_postpaid_SP.html
A74: 2026-06-23 | B74: 2026-06-23T22:10:23 | C74: tim | D74: postpaid | E74: SP | F74: TIM Black C Express 107GB | G74: tim:52151 | H74: 164.99 | K74: 107 | T74: https://www.tim.com.br/sp/para-voce/planos/pos-pago/tim-black | U74: data/raw/tim_postpaid_SP.html
A75: 2026-06-23 | B75: 2026-06-23T22:10:23 | C75: tim | D75: postpaid | E75: SP | F75: TIM Black C Ultra 95GB | G75: tim:100581 | H75: 159.99 | K75: 95 | T75: https://www.tim.com.br/sp/para-voce/planos/pos-pago/tim-black | U75: data/raw/tim_postpaid_SP.html
A76: 2026-06-23 | B76: 2026-06-23T22:10:23 | C76: tim | D76: postpaid | E76: SP | F76: TIM Black Plus 80GB | G76: tim:54256 | H76: 149.99 | K76: 80 | T76: https://www.tim.com.br/sp/para-voce/planos/pos-pago/tim-black | U76: data/raw/tim_postpaid_SP.html
A77: 2026-06-23 | B77: 2026-06-23T22:10:23 | C77: tim | D77: postpaid | E77: SP | F77: TIM Black Premium 110GB | G77: tim:54261 | H77: 159.99 | K77: 110 | T77: https://www.tim.com.br/sp/para-voce/planos/pos-pago/tim-black | U77: data/raw/tim_postpaid_SP.html
A78: 2026-06-23 | B78: 2026-06-23T22:10:23 | C78: tim | D78: prepaid | E78: SP | F78: TIM Pré XIP Plus 16GB | G78: tim:106306 | H78: 30 | K78: 16 | T78: https://www.tim.com.br/sp/para-voce/planos/pre-pago | U78: data/raw/tim_prepaid_SP.html
A79: 2026-06-23 | B79: 2026-06-23T22:10:23 | C79: tim | D79: prepaid | E79: SP | F79: TIM Pré XIP Plus 6GB | G79: tim:59906 | H79: 20 | K79: 6 | T79: https://www.tim.com.br/sp/para-voce/planos/pre-pago | U79: data/raw/tim_prepaid_SP.html
A80: 2026-06-23 | B80: 2026-06-23T22:10:23 | C80: tim | D80: prepaid | E80: SP | F80: TIM Pré XIP Plus 8GB | G80: tim:59901 | H80: 25 | K80: 8 | T80: https://www.tim.com.br/sp/para-voce/planos/pre-pago | U80: data/raw/tim_prepaid_SP.html
A81: 2026-06-23 | B81: 2026-06-23T22:10:23 | C81: vivo | D81: control | E81: SP | F81: Vivo Controle | G81: vivo:VIV202600029270-46gb | H81: 59 | K81: 46 | L81: 15 GB de franquia 31 GB de bônus | S81: 6 meses grátis de Gemini com AI Plus | T81: https://vivo.com.br/para-voce/produtos-e-servicos/para-o-celular/planos-controle | U81: data/raw/vivo_control_SP.html
A82: 2026-06-23 | B82: 2026-06-23T22:10:23 | C82: vivo | D82: control | E82: SP | F82: Vivo Controle | G82: vivo:VIV202600029300-61gb | H82: 80 | K82: 61 | L82: 20 GB de franquia 31 GB de bônus | S82: 6 meses grátis de Gemini com AI Plus | T82: https://vivo.com.br/para-voce/produtos-e-servicos/para-o-celular/planos-controle | U82: data/raw/vivo_control_SP.html
A83: 2026-06-23 | B83: 2026-06-23T22:10:23 | C83: vivo | D83: control | E83: SP | F83: Vivo Controle Educação | G83: vivo:VIV202600029273-61gb | H83: 90 | K83: 61 | L83: 20 GB de franquia 31 GB de bônus | S83: Assinatura Vivae inclusa | T83: https://vivo.com.br/para-voce/produtos-e-servicos/para-o-celular/planos-controle | U83: data/raw/vivo_control_SP.html
A84: 2026-06-23 | B84: 2026-06-23T22:10:23 | C84: vivo | D84: control | E84: SP | F84: Vivo Controle Entretenimento | G84: vivo:VIV202600029307-61gb | H84: 110 | K84: 61 | L84: 20 GB de franquia 31 GB de bônus | S84: Assinatura Vivo TV Inicial inclusa | T84: https://vivo.com.br/para-voce/produtos-e-servicos/para-o-celular/planos-controle | U84: data/raw/vivo_control_SP.html
A85: 2026-06-23 | B85: 2026-06-23T22:10:23 | C85: vivo | D85: control | E85: SP | F85: Vivo Controle Música | G85: vivo:VIV202600029313-61gb | H85: 95 | K85: 61 | L85: 20 GB de franquia 31 GB de bônus | S85: Apple Music Individual | T85: https://vivo.com.br/para-voce/produtos-e-servicos/para-o-celular/planos-controle | U85: data/raw/vivo_control_SP.html
A86: 2026-06-23 | B86: 2026-06-23T22:10:23 | C86: vivo | D86: control | E86: SP | F86: Vivo Controle Netflix | G86: vivo:VIV202600029308-61gb | H86: 95 | K86: 61 | L86: 20 GB de franquia 31 GB de bônus | S86: Assinatura Netflix Padrão com anúncios | T86: https://vivo.com.br/para-voce/produtos-e-servicos/para-o-celular/planos-controle | U86: data/raw/vivo_control_SP.html
A87: 2026-06-23 | B87: 2026-06-23T22:10:23 | C87: vivo | D87: control | E87: SP | F87: Vivo Controle Saúde | G87: vivo:VIV202600029301-61gb | H87: 90 | K87: 61 | L87: 20 GB de franquia 31 GB de bônus | S87: Assinatura Vale Saúde Sempre inclusa | T87: https://vivo.com.br/para-voce/produtos-e-servicos/para-o-celular/planos-controle | U87: data/raw/vivo_control_SP.html
A88: 2026-06-23 | B88: 2026-06-23T22:10:23 | C88: vivo | D88: lite | E88: SP | F88: Easy Lite | G88: vivo:VIV202600005312-30gb | H88: 30 | K88: 30 | L88: 30 GB de franquia | S88: Youtube Ilimitado | T88: https://vivo.com.br/para-voce/produtos-e-servicos/para-o-celular/easy-lite | U88: data/raw/vivo_lite_SP.html
A89: 2026-06-23 | B89: 2026-06-23T22:10:23 | C89: vivo | D89: lite | E89: SP | F89: Easy Lite | G89: vivo:VIV202600019134-40gb | H89: 40 | K89: 40 | L89: 40 GB de franquia | S89: Youtube Ilimitado | T89: https://vivo.com.br/para-voce/produtos-e-servicos/para-o-celular/easy-lite | U89: data/raw/vivo_lite_SP.html
A90: 2026-06-23 | B90: 2026-06-23T22:10:23 | C90: vivo | D90: lite | E90: SP | F90: Easy Lite | G90: vivo:VIV202600019132-20gb | H90: 35 | K90: 20 | L90: 20 GB de franquia | S90: Youtube Ilimitado | T90: https://vivo.com.br/para-voce/produtos-e-servicos/para-o-celular/easy-lite | U90: data/raw/vivo_lite_SP.html
A91: 2026-06-23 | B91: 2026-06-23T22:10:23 | C91: vivo | D91: postpaid | E91: SP | F91: Vivo Pós com Amazon | G91: vivo:VIV202600029255-60gb | H91: 150 | K91: 60 | L91: 50 GB de franquia 10 GB de bônus | S91: Assinatura Amazon Prime inclusa | T91: https://vivo.com.br/para-voce/produtos-e-servicos/para-o-celular/planos-pos-pago | U91: data/raw/vivo_postpaid_SP.html
A92: 2026-06-23 | B92: 2026-06-23T22:10:23 | C92: vivo | D92: postpaid | E92: SP | F92: Vivo Pós com Disney+ | G92: vivo:VIV202600022115-60gb | H92: 180 | K92: 60 | L92: 50 GB de franquia 10 GB de bônus | Q92: Disney+ | S92: Assinatura Disney+ Padrão inclusa | T92: https://vivo.com.br/para-voce/produtos-e-servicos/para-o-celular/planos-pos-pago | U92: data/raw/vivo_postpaid_SP.html
A93: 2026-06-23 | B93: 2026-06-23T22:10:23 | C93: vivo | D93: postpaid | E93: SP | F93: Vivo Pós com Globoplay | G93: vivo:VIV202600029246-60gb | H93: 165 | K93: 60 | L93: 50 GB de franquia 10 GB de bônus | Q93: Globoplay | S93: Assinatura Globoplay inclusa | T93: https://vivo.com.br/para-voce/produtos-e-servicos/para-o-celular/planos-pos-pago | U93: data/raw/vivo_postpaid_SP.html
A94: 2026-06-23 | B94: 2026-06-23T22:10:23 | C94: vivo | D94: postpaid | E94: SP | F94: Vivo Pós com Netflix | G94: vivo:VIV202600029234-60gb | H94: 180 | K94: 60 | L94: 50 GB de franquia 10 GB de bônus | Q94: Netflix | S94: Assinatura Netflix Padrão inclusa | T94: https://vivo.com.br/para-voce/produtos-e-servicos/para-o-celular/planos-pos-pago | U94: data/raw/vivo_postpaid_SP.html
A95: 2026-06-23 | B95: 2026-06-23T22:10:23 | C95: vivo | D95: postpaid | E95: SP | F95: Vivo Pós com Premiere | G95: vivo:VIV202600029249-60gb | H95: 180 | K95: 60 | L95: 50 GB de franquia 10 GB de bônus | Q95: Premiere | S95: Assinatura Premiere inclusa | T95: https://vivo.com.br/para-voce/produtos-e-servicos/para-o-celular/planos-pos-pago | U95: data/raw/vivo_postpaid_SP.html
A96: 2026-06-23 | B96: 2026-06-23T22:10:23 | C96: vivo | D96: postpaid | E96: SP | F96: Vivo Pós com Spotify | G96: vivo:VIV202600029229-60gb | H96: 165 | K96: 60 | L96: 50 GB de franquia 10 GB de bônus | Q96: Spotify | S96: Assinatura Spotify Premium inclusa | T96: https://vivo.com.br/para-voce/produtos-e-servicos/para-o-celular/planos-pos-pago | U96: data/raw/vivo_postpaid_SP.html
A97: 2026-06-23 | B97: 2026-06-23T22:10:23 | C97: vivo | D97: postpaid | E97: SP | F97: Vivo Pós com Travel | G97: vivo:VIV202600029244-70gb | H97: 215 | K97: 70 | L97: 60 GB de franquia 10 GB de bônus | S97: 6 meses grátis de Gemini com AI Plus | T97: https://vivo.com.br/para-voce/produtos-e-servicos/para-o-celular/planos-pos-pago | U97: data/raw/vivo_postpaid_SP.html
A98: 2026-06-23 | B98: 2026-06-23T22:10:23 | C98: vivo | D98: prepaid | E98: SP | F98: Vivo Pré | G98: vivo:VIV202600022379-25gb | H98: 30 | K98: 25 | L98: 15 GB para navegar como quiser 5 GB de bônus 5 GB para navegar no Youtube | T98: https://vivo.com.br/para-voce/produtos-e-servicos/para-o-celular/pre-pago/vivo-pre | U98: data/raw/vivo_prepaid_SP.html
A99: 2026-06-23 | B99: 2026-06-23T22:10:23 | C99: vivo | D99: prepaid | E99: SP | F99: Vivo Pré | G99: vivo:VIV202600022379-9gb | H99: 25 | K99: 9 | L99: 6 GB para navegar como quiser 3 GB para navegar no YouTube | T99: https://vivo.com.br/para-voce/produtos-e-servicos/para-o-celular/pre-pago/vivo-pre | U99: data/raw/vivo_prepaid_SP.html
A100: 2026-06-23 | B100: 2026-06-23T22:10:23 | C100: vivo | D100: prepaid | E100: SP | F100: Vivo Pré | G100: vivo:VIV202600022379-5gb | H100: 20 | K100: 5 | L100: 5 GB para navegar como quiser | T100: https://vivo.com.br/para-voce/produtos-e-servicos/para-o-celular/pre-pago/vivo-pre | U100: data/raw/vivo_prepaid_SP.html
...

Sheet latest
A1: snapshot_date | B1: snapshot_ts | C1: carrier | D1: category | E1: state | F1: plan_name | G1: plan_id | H1: price_brl | I1: price_promo_brl | J1: price_note | K1: data_gb | L1: data_note | M1: validity_days | N1: unlimited_apps | O1: voice | P1: sms | Q1: streaming | R1: loyalty_months | S1: extra_benefits | T1: source_url | U1: raw_ref
A2: 2026-06-29 | B2: 2026-06-29T22:07:51 | C2: claro | D2: control | E2: SP | F2: Controle 25GB | G2: claro:plano-controle-25gb | H2: 59.9 | I2: 54.9 | J2: De R$ 59,90 Por: | K2: 25 | N2: WhatsApp | S2: Para uso livre; Para redes sociais e vídeos; Bônus exclusivo; Aproveite na sua franquia; WhatsApp e ligações ilimitadas | T2: https://www.claro.com.br/celular/controle | U2: data/raw/claro_control_SP.json
A3: 2026-06-29 | B3: 2026-06-29T22:07:51 | C3: claro | D3: control | E3: SP | F3: Controle 30GB | G3: claro:plano-controle-30gb | H3: 69.9 | K3: 30 | N3: WhatsApp | S3: Para uso livre; Bônus do Hexa para uso livre; Bônus para redes sociais e apps; Redes sociais e apps; WhatsApp ilimitado | T3: https://www.claro.com.br/celular/controle | U3: data/raw/claro_control_SP.json
A4: 2026-06-29 | B4: 2026-06-29T22:07:51 | C4: claro | D4: control | E4: SP | F4: Controle 30GB | G4: claro:plano-controle-30gb-gaming | H4: 99.9 | K4: 30 | N4: WhatsApp | S4: Para uso livre; Bônus para redes sociais e apps; Bônus uso livre; Redes sociais e apps; WhatsApp ilimitado | T4: https://www.claro.com.br/celular/controle | U4: data/raw/claro_control_SP.json
A5: 2026-06-29 | B5: 2026-06-29T22:07:51 | C5: claro | D5: flex | E5: SP | F5: Flex 15GB | G5: claro:plano-flex-15gb | H5: 44.9 | K5: 15 | N5: WhatsApp | S5: Para uso livre; Bônus do Hexa para uso livre; Para redes sociais e apps; Bônus extra nos apps; WhatsApp ilimitado | T5: https://www.claro.com.br/celular/flex | U5: data/raw/claro_flex_SP.json
A6: 2026-06-29 | B6: 2026-06-29T22:07:51 | C6: claro | D6: flex | E6: SP | F6: Flex 20GB | G6: claro:plano-flex-20gb | H6: 59.9 | K6: 20 | N6: WhatsApp | S6: Para uso livre; Bônus do Hexa para uso livre; Para redes sociais e apps; Bônus extra nos apps; WhatsApp ilimitado | T6: https://www.claro.com.br/celular/flex | U6: data/raw/claro_flex_SP.json
A7: 2026-06-29 | B7: 2026-06-29T22:07:51 | C7: claro | D7: flex | E7: SP | F7: Flex 30GB | G7: claro:plano-flex-30gb | H7: 69.9 | K7: 30 | N7: WhatsApp | S7: Para uso livre; Bônus do Hexa para uso livre; Para redes sociais e apps; Bônus extra nos apps; WhatsApp ilimitado; Assinatura Claro musica inclusa | T7: https://www.claro.com.br/celular/flex | U7: data/raw/claro_flex_SP.json
A8: 2026-06-29 | B8: 2026-06-29T22:07:51 | C8: claro | D8: flex | E8: SP | F8: Flex 40GB | G8: claro:plano-flex-40gb | H8: 119.9 | K8: 40 | N8: WhatsApp | S8: Para uso livre; Para redes sociais e apps; Bônus uso livre; Bônus extra nos apps; WhatsApp ilimitado; Assinatura Claro musica inclusa | T8: https://www.claro.com.br/celular/flex | U8: data/raw/claro_flex_SP.json
A9: 2026-06-29 | B9: 2026-06-29T22:07:51 | C9: claro | D9: postpaid | E9: SP | F9: Pós 100GB | G9: claro:plano-pos-100gb | H9: 179.9 | K9: 100 | N9: WhatsApp | S9: Armazenamento na nuvem:; Google One ou iCloud+; WhatsApp ilimitado; Roaming: Passaporte Américas; Claro Sync: Smartwatch conectado | T9: https://www.claro.com.br/celular/pos | U9: data/raw/claro_postpaid_SP.json
A10: 2026-06-29 | B10: 2026-06-29T22:07:51 | C10: claro | D10: postpaid | E10: SP | F10: Pós 150GB | G10: claro:plano-pos-150gb | H10: 239.9 | K10: 150 | N10: WhatsApp | S10: Armazenamento na nuvem:; Google One ou iCloud+; WhatsApp ilimitado; Roaming: Passaporte Américas e Europa; Claro Sync: Smartwatch conectado | T10: https://www.claro.com.br/celular/pos | U10: data/raw/claro_postpaid_SP.json
A11: 2026-06-29 | B11: 2026-06-29T22:07:51 | C11: claro | D11: postpaid | E11: SP | F11: Pós 200GB | G11: claro:plano-pos-200gb | H11: 339.9 | K11: 200 | N11: WhatsApp | S11: Armazenamento na nuvem:; Google One ou iCloud+; WhatsApp ilimitado; Roaming: Passaporte Mundo; Claro Sync: Smartwatch conectado | T11: https://www.claro.com.br/celular/pos | U11: data/raw/claro_postpaid_SP.json
A12: 2026-06-29 | B12: 2026-06-29T22:07:51 | C12: claro | D12: postpaid | E12: SP | F12: Pós 50GB com GeForce NOW | G12: claro:plano-pos-60gb-geforce | H12: 164.9 | K12: 50 | N12: WhatsApp | S12: Armazenamento na nuvem:; Google One ou iCloud+; WhatsApp ilimitado; Roaming: Passaporte Américas; Claro Sync: Smartwatch conectado; Inclusa assinatura GeForce NOW | T12: https://www.claro.com.br/celular/pos | U12: data/raw/claro_postpaid_SP.json
A13: 2026-06-29 | B13: 2026-06-29T22:07:51 | C13: claro | D13: postpaid | E13: SP | F13: Pós 60GB | G13: claro:plano-pos-60gb | H13: 124.9 | K13: 60 | N13: WhatsApp | S13: Armazenamento na nuvem:; Google One ou iCloud+; WhatsApp ilimitado; Roaming: Passaporte Américas; Claro Sync: Smartwatch conectado | T13: https://www.claro.com.br/celular/pos | U13: data/raw/claro_postpaid_SP.json
A14: 2026-06-29 | B14: 2026-06-29T22:07:51 | C14: claro | D14: prepaid | E14: SP | F14: Prezão 10GB (25 dias) | G14: claro:prezao-25d-10gb | H14: 25 | J14: recarga Prezão R$25 — validade 25 dias | K14: 10 | M14: 25 | T14: https://www.claro.com.br/celular/planos-pre/prezao | U14: data/raw/claro_prepaid_SP.json
A15: 2026-06-29 | B15: 2026-06-29T22:07:51 | C15: claro | D15: prepaid | E15: SP | F15: Prezão 12GB (30 dias) | G15: claro:prezao-30d-12gb | H15: 30 | J15: recarga Prezão R$30 — validade 30 dias | K15: 12 | M15: 30 | T15: https://www.claro.com.br/celular/planos-pre/prezao | U15: data/raw/claro_prepaid_SP.json
A16: 2026-06-29 | B16: 2026-06-29T22:07:51 | C16: claro | D16: prepaid | E16: SP | F16: Prezão 4GB (12 dias) | G16: claro:prezao-12d-4gb | H16: 15 | J16: recarga Prezão R$15 — validade 12 dias | K16: 4 | M16: 12 | T16: https://www.claro.com.br/celular/planos-pre/prezao | U16: data/raw/claro_prepaid_SP.json
A17: 2026-06-29 | B17: 2026-06-29T22:07:51 | C17: claro | D17: prepaid | E17: SP | F17: Prezão 5GB (15 dias) | G17: claro:prezao-15d-5gb | H17: 15 | J17: recarga Prezão R$15 — validade 15 dias | K17: 5 | M17: 15 | T17: https://www.claro.com.br/celular/planos-pre/prezao | U17: data/raw/claro_prepaid_SP.json
A18: 2026-06-29 | B18: 2026-06-29T22:07:51 | C18: claro | D18: prepaid | E18: SP | F18: Prezão 6GB (20 dias) | G18: claro:prezao-20d-6gb | H18: 20 | J18: recarga Prezão R$20 — validade 20 dias | K18: 6 | M18: 20 | T18: https://www.claro.com.br/celular/planos-pre/prezao | U18: data/raw/claro_prepaid_SP.json
A19: 2026-06-29 | B19: 2026-06-29T22:07:51 | C19: claro | D19: prepaid | E19: SP | F19: Prezão 8GB (20 dias) | G19: claro:prezao-20d-8gb | H19: 20 | J19: recarga Prezão R$20 — validade 20 dias | K19: 8 | M19: 20 | T19: https://www.claro.com.br/celular/planos-pre/prezao | U19: data/raw/claro_prepaid_SP.json
A20: 2026-06-29 | B20: 2026-06-29T22:07:51 | C20: claro | D20: prepaid | E20: SP | F20: Prezão 9GB (25 dias) | G20: claro:prezao-25d-9gb | H20: 25 | J20: recarga Prezão R$25 — validade 25 dias | K20: 9 | M20: 25 | T20: https://www.claro.com.br/celular/planos-pre/prezao | U20: data/raw/claro_prepaid_SP.json
A21: 2026-06-29 | B21: 2026-06-29T22:07:51 | C21: tim | D21: control | E21: SP | F21: TIM Controle 41GB | G21: tim:162901 | H21: 58.99 | K21: 41 | T21: https://www.tim.com.br/sp/para-voce/planos/controle | U21: data/raw/tim_control_SP.html
A22: 2026-06-29 | B22: 2026-06-29T22:07:51 | C22: tim | D22: control | E22: SP | F22: TIM Controle Light Express 31GB | G22: tim:143536 | H22: 60.99 | K22: 31 | T22: https://www.tim.com.br/sp/para-voce/planos/controle | U22: data/raw/tim_control_SP.html
A23: 2026-06-29 | B23: 2026-06-29T22:07:51 | C23: tim | D23: control | E23: SP | F23: TIM Controle Plus 45GB | G23: tim:155891 | H23: 64.99 | K23: 45 | T23: https://www.tim.com.br/sp/para-voce/planos/controle | U23: data/raw/tim_control_SP.html
A24: 2026-06-29 | B24: 2026-06-29T22:07:51 | C24: tim | D24: control | E24: SP | F24: TIM Controle Premium 53GB | G24: tim:162896 | H24: 84.99 | K24: 53 | T24: https://www.tim.com.br/sp/para-voce/planos/controle | U24: data/raw/tim_control_SP.html
A25: 2026-06-29 | B25: 2026-06-29T22:07:51 | C25: tim | D25: control | E25: SP | F25: TIM Controle Pro Express | G25: tim:143576 | H25: 64.99 | T25: https://www.tim.com.br/sp/para-voce/planos/controle | U25: data/raw/tim_control_SP.html
A26: 2026-06-29 | B26: 2026-06-29T22:07:51 | C26: tim | D26: postpaid | E26: SP | F26: TIM Black 70GB | G26: tim:54206 | H26: 129.99 | K26: 70 | T26: https://www.tim.com.br/sp/para-voce/planos/pos-pago/tim-black | U26: data/raw/tim_postpaid_SP.html
A27: 2026-06-29 | B27: 2026-06-29T22:07:51 | C27: tim | D27: postpaid | E27: SP | F27: TIM Black A Express 67GB | G27: tim:55121 | H27: 119.99 | K27: 67 | T27: https://www.tim.com.br/sp/para-voce/planos/pos-pago/tim-black | U27: data/raw/tim_postpaid_SP.html
A28: 2026-06-29 | B28: 2026-06-29T22:07:51 | C28: tim | D28: postpaid | E28: SP | F28: TIM Black B Express 82GB | G28: tim:52146 | H28: 144.99 | K28: 82 | T28: https://www.tim.com.br/sp/para-voce/planos/pos-pago/tim-black | U28: data/raw/tim_postpaid_SP.html
A29: 2026-06-29 | B29: 2026-06-29T22:07:51 | C29: tim | D29: postpaid | E29: SP | F29: TIM Black C Express 107GB | G29: tim:52151 | H29: 164.99 | K29: 107 | T29: https://www.tim.com.br/sp/para-voce/planos/pos-pago/tim-black | U29: data/raw/tim_postpaid_SP.html
A30: 2026-06-29 | B30: 2026-06-29T22:07:51 | C30: tim | D30: postpaid | E30: SP | F30: TIM Black C Ultra 95GB | G30: tim:100581 | H30: 159.99 | K30: 95 | T30: https://www.tim.com.br/sp/para-voce/planos/pos-pago/tim-black | U30: data/raw/tim_postpaid_SP.html
A31: 2026-06-29 | B31: 2026-06-29T22:07:51 | C31: tim | D31: postpaid | E31: SP | F31: TIM Black Plus 80GB | G31: tim:54256 | H31: 149.99 | K31: 80 | T31: https://www.tim.com.br/sp/para-voce/planos/pos-pago/tim-black | U31: data/raw/tim_postpaid_SP.html
A32: 2026-06-29 | B32: 2026-06-29T22:07:51 | C32: tim | D32: postpaid | E32: SP | F32: TIM Black Premium 110GB | G32: tim:54261 | H32: 159.99 | K32: 110 | T32: https://www.tim.com.br/sp/para-voce/planos/pos-pago/tim-black | U32: data/raw/tim_postpaid_SP.html
A33: 2026-06-29 | B33: 2026-06-29T22:07:51 | C33: tim | D33: prepaid | E33: SP | F33: TIM Pré XIP Plus 16GB | G33: tim:106306 | H33: 30 | K33: 16 | M33: 30 | T33: https://www.tim.com.br/sp/para-voce/planos/pre-pago | U33: data/raw/tim_prepaid_SP.html
A34: 2026-06-29 | B34: 2026-06-29T22:07:51 | C34: tim | D34: prepaid | E34: SP | F34: TIM Pré XIP Plus 6GB | G34: tim:59906 | H34: 20 | K34: 6 | M34: 30 | T34: https://www.tim.com.br/sp/para-voce/planos/pre-pago | U34: data/raw/tim_prepaid_SP.html
A35: 2026-06-29 | B35: 2026-06-29T22:07:51 | C35: tim | D35: prepaid | E35: SP | F35: TIM Pré XIP Plus 8GB | G35: tim:59901 | H35: 25 | K35: 8 | M35: 30 | T35: https://www.tim.com.br/sp/para-voce/planos/pre-pago | U35: data/raw/tim_prepaid_SP.html
A36: 2026-06-29 | B36: 2026-06-29T22:07:51 | C36: vivo | D36: control | E36: SP | F36: Vivo Controle | G36: vivo:VIV202600029270-46gb | H36: 59 | K36: 46 | L36: 15 GB de franquia 31 GB de bônus | S36: 6 meses grátis de Gemini com AI Plus | T36: https://vivo.com.br/para-voce/produtos-e-servicos/para-o-celular/planos-controle | U36: data/raw/vivo_control_SP.html
A37: 2026-06-29 | B37: 2026-06-29T22:07:51 | C37: vivo | D37: control | E37: SP | F37: Vivo Controle | G37: vivo:VIV202600029300-61gb | H37: 80 | K37: 61 | L37: 20 GB de franquia 31 GB de bônus | S37: 6 meses grátis de Gemini com AI Plus | T37: https://vivo.com.br/para-voce/produtos-e-servicos/para-o-celular/planos-controle | U37: data/raw/vivo_control_SP.html
A38: 2026-06-29 | B38: 2026-06-29T22:07:51 | C38: vivo | D38: control | E38: SP | F38: Vivo Controle Educação | G38: vivo:VIV202600029273-61gb | H38: 90 | K38: 61 | L38: 20 GB de franquia 31 GB de bônus | S38: Assinatura Vivae inclusa | T38: https://vivo.com.br/para-voce/produtos-e-servicos/para-o-celular/planos-controle | U38: data/raw/vivo_control_SP.html
A39: 2026-06-29 | B39: 2026-06-29T22:07:51 | C39: vivo | D39: control | E39: SP | F39: Vivo Controle Entretenimento | G39: vivo:VIV202600029307-61gb | H39: 110 | K39: 61 | L39: 20 GB de franquia 31 GB de bônus | S39: Assinatura Vivo TV Inicial inclusa | T39: https://vivo.com.br/para-voce/produtos-e-servicos/para-o-celular/planos-controle | U39: data/raw/vivo_control_SP.html
A40: 2026-06-29 | B40: 2026-06-29T22:07:51 | C40: vivo | D40: control | E40: SP | F40: Vivo Controle Música | G40: vivo:VIV202600029313-61gb | H40: 95 | K40: 61 | L40: 20 GB de franquia 31 GB de bônus | S40: Apple Music Individual | T40: https://vivo.com.br/para-voce/produtos-e-servicos/para-o-celular/planos-controle | U40: data/raw/vivo_control_SP.html
A41: 2026-06-29 | B41: 2026-06-29T22:07:51 | C41: vivo | D41: control | E41: SP | F41: Vivo Controle Netflix | G41: vivo:VIV202600029308-61gb | H41: 95 | K41: 61 | L41: 20 GB de franquia 31 GB de bônus | S41: Assinatura Netflix Padrão com anúncios | T41: https://vivo.com.br/para-voce/produtos-e-servicos/para-o-celular/planos-controle | U41: data/raw/vivo_control_SP.html
A42: 2026-06-29 | B42: 2026-06-29T22:07:51 | C42: vivo | D42: control | E42: SP | F42: Vivo Controle Saúde | G42: vivo:VIV202600029301-61gb | H42: 90 | K42: 61 | L42: 20 GB de franquia 31 GB de bônus | S42: Assinatura Vale Saúde Sempre inclusa | T42: https://vivo.com.br/para-voce/produtos-e-servicos/para-o-celular/planos-controle | U42: data/raw/vivo_control_SP.html
A43: 2026-06-29 | B43: 2026-06-29T22:07:51 | C43: vivo | D43: lite | E43: SP | F43: Easy Lite | G43: vivo:VIV202600025883-30gb | H43: 30 | K43: 30 | L43: 30 GB de franquia | S43: 2 meses de YouTube sem consumo no plano | T43: https://vivo.com.br/para-voce/produtos-e-servicos/para-o-celular/easy-lite | U43: data/raw/vivo_lite_SP.html
A44: 2026-06-29 | B44: 2026-06-29T22:07:51 | C44: vivo | D44: lite | E44: SP | F44: Easy Lite | G44: vivo:VIV202600025885-40gb | H44: 40 | K44: 40 | L44: 40 GB de franquia | S44: 2 meses de YouTube sem consumo no plano | T44: https://vivo.com.br/para-voce/produtos-e-servicos/para-o-celular/easy-lite | U44: data/raw/vivo_lite_SP.html
A45: 2026-06-29 | B45: 2026-06-29T22:07:51 | C45: vivo | D45: lite | E45: SP | F45: Easy Lite | G45: vivo:VIV202600025888-20gb | H45: 35 | K45: 20 | L45: 20 GB de franquia | S45: 2 meses de YouTube sem consumo no plano | T45: https://vivo.com.br/para-voce/produtos-e-servicos/para-o-celular/easy-lite | U45: data/raw/vivo_lite_SP.html
A46: 2026-06-29 | B46: 2026-06-29T22:07:51 | C46: vivo | D46: postpaid | E46: SP | F46: Vivo Pós com Amazon | G46: vivo:VIV202600029255-60gb | H46: 150 | K46: 60 | L46: 50 GB de franquia 10 GB de bônus | S46: Assinatura Amazon Prime inclusa | T46: https://vivo.com.br/para-voce/produtos-e-servicos/para-o-celular/planos-pos-pago | U46: data/raw/vivo_postpaid_SP.html
A47: 2026-06-29 | B47: 2026-06-29T22:07:51 | C47: vivo | D47: postpaid | E47: SP | F47: Vivo Pós com Disney+ | G47: vivo:VIV202600022115-60gb | H47: 180 | K47: 60 | L47: 50 GB de franquia 10 GB de bônus | Q47: Disney+ | S47: Assinatura Disney+ Padrão inclusa | T47: https://vivo.com.br/para-voce/produtos-e-servicos/para-o-celular/planos-pos-pago | U47: data/raw/vivo_postpaid_SP.html
A48: 2026-06-29 | B48: 2026-06-29T22:07:51 | C48: vivo | D48: postpaid | E48: SP | F48: Vivo Pós com Globoplay | G48: vivo:VIV202600029246-60gb | H48: 165 | K48: 60 | L48: 50 GB de franquia 10 GB de bônus | Q48: Globoplay | S48: Assinatura Globoplay inclusa | T48: https://vivo.com.br/para-voce/produtos-e-servicos/para-o-celular/planos-pos-pago | U48: data/raw/vivo_postpaid_SP.html
A49: 2026-06-29 | B49: 2026-06-29T22:07:51 | C49: vivo | D49: postpaid | E49: SP | F49: Vivo Pós com Netflix | G49: vivo:VIV202600029234-60gb | H49: 180 | K49: 60 | L49: 50 GB de franquia 10 GB de bônus | Q49: Netflix | S49: Assinatura Netflix Padrão inclusa | T49: https://vivo.com.br/para-voce/produtos-e-servicos/para-o-celular/planos-pos-pago | U49: data/raw/vivo_postpaid_SP.html
A50: 2026-06-29 | B50: 2026-06-29T22:07:51 | C50: vivo | D50: postpaid | E50: SP | F50: Vivo Pós com Premiere | G50: vivo:VIV202600029249-60gb | H50: 180 | K50: 60 | L50: 50 GB de franquia 10 GB de bônus | Q50: Premiere | S50: Assinatura Premiere inclusa | T50: https://vivo.com.br/para-voce/produtos-e-servicos/para-o-celular/planos-pos-pago | U50: data/raw/vivo_postpaid_SP.html
A51: 2026-06-29 | B51: 2026-06-29T22:07:51 | C51: vivo | D51: postpaid | E51: SP | F51: Vivo Pós com Spotify | G51: vivo:VIV202600029229-60gb | H51: 165 | K51: 60 | L51: 50 GB de franquia 10 GB de bônus | Q51: Spotify | S51: Assinatura Spotify Premium inclusa | T51: https://vivo.com.br/para-voce/produtos-e-servicos/para-o-celular/planos-pos-pago | U51: data/raw/vivo_postpaid_SP.html
A52: 2026-06-29 | B52: 2026-06-29T22:07:51 | C52: vivo | D52: postpaid | E52: SP | F52: Vivo Pós com Travel | G52: vivo:VIV202600029244-70gb | H52: 215 | K52: 70 | L52: 60 GB de franquia 10 GB de bônus | S52: 6 meses grátis de Gemini com AI Plus | T52: https://vivo.com.br/para-voce/produtos-e-servicos/para-o-celular/planos-pos-pago | U52: data/raw/vivo_postpaid_SP.html
A53: 2026-06-29 | B53: 2026-06-29T22:07:51 | C53: vivo | D53: prepaid | E53: SP | F53: Vivo Pré | G53: vivo:VIV202600029370-25gb | H53: 30 | K53: 25 | L53: 15 GB para navegar como quiser 5 GB de bônus 5 GB para navegar no Youtube | M53: 30 | T53: https://vivo.com.br/para-voce/produtos-e-servicos/para-o-celular/pre-pago/vivo-pre | U53: data/raw/vivo_prepaid_SP.html
A54: 2026-06-29 | B54: 2026-06-29T22:07:51 | C54: vivo | D54: prepaid | E54: SP | F54: Vivo Pré | G54: vivo:VIV202600029370-9gb | H54: 25 | K54: 9 | L54: 6 GB para navegar como quiser 3 GB para navegar no YouTube | M54: 22 | T54: https://vivo.com.br/para-voce/produtos-e-servicos/para-o-celular/pre-pago/vivo-pre | U54: data/raw/vivo_prepaid_SP.html
A55: 2026-06-29 | B55: 2026-06-29T22:07:51 | C55: vivo | D55: prepaid | E55: SP | F55: Vivo Pré | G55: vivo:VIV202600029370-5gb | H55: 20 | K55: 5 | L55: 5 GB para navegar como quiser | M55: 17 | T55: https://vivo.com.br/para-voce/produtos-e-servicos/para-o-celular/pre-pago/vivo-pre | U55: data/raw/vivo_prepaid_SP.html
A56: 2026-06-29 | B56: 2026-06-29T22:07:51 | C56: vivo | D56: prepaid | E56: SP | F56: Vivo Pré | G56: vivo:VIV202600029370-4gb | H56: 17 | K56: 4 | L56: 4 GB para navegar como quiser | M56: 15 | T56: https://vivo.com.br/para-voce/produtos-e-servicos/para-o-celular/pre-pago/vivo-pre | U56: data/raw/vivo_prepaid_SP.html

Sheet changes
A1: change_type | B1: carrier | C1: category | D1: state | E1: plan_id | F1: plan_name | G1: old_price_brl | H1: new_price_brl | I1: delta_brl

Sheet summary
A1: Mobile Price Tracker — Summary
A3: Run timestamp | B3: 2026-06-29T22:07:51
A4: Latest snapshot | B4: 2026-06-29
A5: Plans in latest | B5: 55
A6: Snapshots in history | B6: 8
A8: carrier | B8: # plans | C8: min price | D8: avg price | E8: max price
A9: vivo | B9: =COUNTIF(latest!$C$2:$C$2000,$A$9) | C9: =IFERROR(_xlfn.MINIFS(latest!$H$2:$H$2000,latest!$C$2:$C$2000,$A$9),"-") | D9: =IFERROR(AVERAGEIFS(latest!$H$2:$H$2000,latest!$C$2:$C$2000,$A$9),"-") | E9: =IFERROR(_xlfn.MAXIFS(latest!$H$2:$H$2000,latest!$C$2:$C$2000,$A$9),"-")
A10: claro | B10: =COUNTIF(latest!$C$2:$C$2000,$A$10) | C10: =IFERROR(_xlfn.MINIFS(latest!$H$2:$H$2000,latest!$C$2:$C$2000,$A$10),"-") | D10: =IFERROR(AVERAGEIFS(latest!$H$2:$H$2000,latest!$C$2:$C$2000,$A$10),"-") | E10: =IFERROR(_xlfn.MAXIFS(latest!$H$2:$H$2000,latest!$C$2:$C$2000,$A$10),"-")
A11: tim | B11: =COUNTIF(latest!$C$2:$C$2000,$A$11) | C11: =IFERROR(_xlfn.MINIFS(latest!$H$2:$H$2000,latest!$C$2:$C$2000,$A$11),"-") | D11: =IFERROR(AVERAGEIFS(latest!$H$2:$H$2000,latest!$C$2:$C$2000,$A$11),"-") | E11: =IFERROR(_xlfn.MAXIFS(latest!$H$2:$H$2000,latest!$C$2:$C$2000,$A$11),"-")

Sheet comparison
A1: Date | B1: Control (R$/mo) | E1: Post (R$/mo) | H1: Pre (R$/mo, 30-day) | K1: Digital (R$/mo)
B2: TIM | C2: Vivo | D2: Claro | E2: TIM | F2: Vivo | G2: Claro | H2: TIM | I2: Vivo | J2: Claro | K2: TIM | L2: Vivo | M2: Claro
A3: 46195 | B3: =IFERROR(IF(_xlfn.MINIFS(history!$H:$H,history!$C:$C,"tim",history!$D:$D,"control",history!$A:$A,YEAR($A3)&"-"&TEXT(MONTH($A3),"00")&"-"&TEXT(DAY($A3),"00"))=0,"",_xlfn.MINIFS(history!$H:$H,history!$C:$C,"tim",history!$D:$D,"control",history!$A:$A,YEAR($A3)&"-"&TEXT(MONTH($A3),"00")&"-"&TEXT(DAY($A3),"00"))),"") | C3: =IFERROR(IF(_xlfn.MINIFS(history!$H:$H,history!$C:$C,"vivo",history!$D:$D,"control",history!$A:$A,YEAR($A3)&"-"&TEXT(MONTH($A3),"00")&"-"&TEXT(DAY($A3),"00"))=0,"",_xlfn.MINIFS(history!$H:$H,history!$C:$C,"vivo",history!$D:$D,"control",history!$A:$A,YEAR($A3)&"-"&TEXT(MONTH($A3),"00")&"-"&TEXT(DAY($A3),"00"))),"") | D3: =IFERROR(IF(_xlfn.MINIFS(history!$H:$H,history!$C:$C,"claro",history!$D:$D,"control",history!$A:$A,YEAR($A3)&"-"&TEXT(MONTH($A3),"00")&"-"&TEXT(DAY($A3),"00"))=0,"",_xlfn.MINIFS(history!$H:$H,history!$C:$C,"claro",history!$D:$D,"control",history!$A:$A,YEAR($A3)&"-"&TEXT(MONTH($A3),"00")&"-"&TEXT(DAY($A3),"00"))),"") | E3: =IFERROR(IF(_xlfn.MINIFS(history!$H:$H,history!$C:$C,"tim",history!$D:$D,"postpaid",history!$A:$A,YEAR($A3)&"-"&TEXT(MONTH($A3),"00")&"-"&TEXT(DAY($A3),"00"))=0,"",_xlfn.MINIFS(history!$H:$H,history!$C:$C,"tim",history!$D:$D,"postpaid",history!$A:$A,YEAR($A3)&"-"&TEXT(MONTH($A3),"00")&"-"&TEXT(DAY($A3),"00"))),"") | F3: =IFERROR(IF(_xlfn.MINIFS(history!$H:$H,history!$C:$C,"vivo",history!$D:$D,"postpaid",history!$A:$A,YEAR($A3)&"-"&TEXT(MONTH($A3),"00")&"-"&TEXT(DAY($A3),"00"))=0,"",_xlfn.MINIFS(history!$H:$H,history!$C:$C,"vivo",history!$D:$D,"postpaid",history!$A:$A,YEAR($A3)&"-"&TEXT(MONTH($A3),"00")&"-"&TEXT(DAY($A3),"00"))),"") | G3: =IFERROR(IF(_xlfn.MINIFS(history!$H:$H,history!$C:$C,"claro",history!$D:$D,"postpaid",history!$A:$A,YEAR($A3)&"-"&TEXT(MONTH($A3),"00")&"-"&TEXT(DAY($A3),"00"))=0,"",_xlfn.MINIFS(history!$H:$H,history!$C:$C,"claro",history!$D:$D,"postpaid",history!$A:$A,YEAR($A3)&"-"&TEXT(MONTH($A3),"00")&"-"&TEXT(DAY($A3),"00"))),"") | H3: =IFERROR(IF(_xlfn.MINIFS(history!$H:$H,history!$C:$C,"tim",history!$D:$D,"prepaid",history!$A:$A,YEAR($A3)&"-"&TEXT(MONTH($A3),"00")&"-"&TEXT(DAY($A3),"00"),history!$M:$M,">=28")=0,"",_xlfn.MINIFS(history!$H:$H,history!$C:$C,"tim",history!$D:$D,"prepaid",history!$A:$A,YEAR($A3)&"-"&TEXT(MONTH($A3),"00")&"-"&TEXT(DAY($A3),"00"),history!$M:$M,">=28")),"") | I3: =IFERROR(IF(_xlfn.MINIFS(history!$H:$H,history!$C:$C,"vivo",history!$D:$D,"prepaid",history!$A:$A,YEAR($A3)&"-"&TEXT(MONTH($A3),"00")&"-"&TEXT(DAY($A3),"00"),history!$M:$M,">=28")=0,"",_xlfn.MINIFS(history!$H:$H,history!$C:$C,"vivo",history!$D:$D,"prepaid",history!$A:$A,YEAR($A3)&"-"&TEXT(MONTH($A3),"00")&"-"&TEXT(DAY($A3),"00"),history!$M:$M,">=28")),"") | J3: =IFERROR(IF(_xlfn.MINIFS(history!$H:$H,history!$C:$C,"claro",history!$D:$D,"prepaid",history!$A:$A,YEAR($A3)&"-"&TEXT(MONTH($A3),"00")&"-"&TEXT(DAY($A3),"00"),history!$M:$M,">=28")=0,"",_xlfn.MINIFS(history!$H:$H,history!$C:$C,"claro",history!$D:$D,"prepaid",history!$A:$A,YEAR($A3)&"-"&TEXT(MONTH($A3),"00")&"-"&TEXT(DAY($A3),"00"),history!$M:$M,">=28")),"") | K3: =IFERROR(1/MAX(IFERROR(1/_xlfn.MINIFS(history!$H:$H,history!$C:$C,"tim",history!$D:$D,"lite",history!$A:$A,YEAR($A3)&"-"&TEXT(MONTH($A3),"00")&"-"&TEXT(DAY($A3),"00")),0),IFERROR(1/_xlfn.MINIFS(history!$H:$H,history!$C:$C,"tim",history!$D:$D,"flex",history!$A:$A,YEAR($A3)&"-"&TEXT(MONTH($A3),"00")&"-"&TEXT(DAY($A3),"00")),0)),"") | L3: =IFERROR(1/MAX(IFERROR(1/_xlfn.MINIFS(history!$H:$H,history!$C:$C,"vivo",history!$D:$D,"lite",history!$A:$A,YEAR($A3)&"-"&TEXT(MONTH($A3),"00")&"-"&TEXT(DAY($A3),"00")),0),IFERROR(1/_xlfn.MINIFS(history!$H:$H,history!$C:$C,"vivo",history!$D:$D,"flex",history!$A:$A,YEAR($A3)&"-"&TEXT(MONTH($A3),"00")&"-"&TEXT(DAY($A3),"00")),0)),"") | M3: =IFERROR(1/MAX(IFERROR(1/_xlfn.MINIFS(history!$H:$H,history!$C:$C,"claro",history!$D:$D,"lite",history!$A:$A,YEAR($A3)&"-"&TEXT(MONTH($A3),"00")&"-"&TEXT(DAY($A3),"00")),0),IFERROR(1/_xlfn.MINIFS(history!$H:$H,history!$C:$C,"claro",history!$D:$D,"flex",history!$A:$A,YEAR($A3)&"-"&TEXT(MONTH($A3),"00")&"-"&TEXT(DAY($A3),"00")),0)),"")
A4: 46196 | B4: =IFERROR(IF(_xlfn.MINIFS(history!$H:$H,history!$C:$C,"tim",history!$D:$D,"control",history!$A:$A,YEAR($A4)&"-"&TEXT(MONTH($A4),"00")&"-"&TEXT(DAY($A4),"00"))=0,"",_xlfn.MINIFS(history!$H:$H,history!$C:$C,"tim",history!$D:$D,"control",history!$A:$A,YEAR($A4)&"-"&TEXT(MONTH($A4),"00")&"-"&TEXT(DAY($A4),"00"))),"") | C4: =IFERROR(IF(_xlfn.MINIFS(history!$H:$H,history!$C:$C,"vivo",history!$D:$D,"control",history!$A:$A,YEAR($A4)&"-"&TEXT(MONTH($A4),"00")&"-"&TEXT(DAY($A4),"00"))=0,"",_xlfn.MINIFS(history!$H:$H,history!$C:$C,"vivo",history!$D:$D,"control",history!$A:$A,YEAR($A4)&"-"&TEXT(MONTH($A4),"00")&"-"&TEXT(DAY($A4),"00"))),"") | D4: =IFERROR(IF(_xlfn.MINIFS(history!$H:$H,history!$C:$C,"claro",history!$D:$D,"control",history!$A:$A,YEAR($A4)&"-"&TEXT(MONTH($A4),"00")&"-"&TEXT(DAY($A4),"00"))=0,"",_xlfn.MINIFS(history!$H:$H,history!$C:$C,"claro",history!$D:$D,"control",history!$A:$A,YEAR($A4)&"-"&TEXT(MONTH($A4),"00")&"-"&TEXT(DAY($A4),"00"))),"") | E4: =IFERROR(IF(_xlfn.MINIFS(history!$H:$H,history!$C:$C,"tim",history!$D:$D,"postpaid",history!$A:$A,YEAR($A4)&"-"&TEXT(MONTH($A4),"00")&"-"&TEXT(DAY($A4),"00"))=0,"",_xlfn.MINIFS(history!$H:$H,history!$C:$C,"tim",history!$D:$D,"postpaid",history!$A:$A,YEAR($A4)&"-"&TEXT(MONTH($A4),"00")&"-"&TEXT(DAY($A4),"00"))),"") | F4: =IFERROR(IF(_xlfn.MINIFS(history!$H:$H,history!$C:$C,"vivo",history!$D:$D,"postpaid",history!$A:$A,YEAR($A4)&"-"&TEXT(MONTH($A4),"00")&"-"&TEXT(DAY($A4),"00"))=0,"",_xlfn.MINIFS(history!$H:$H,history!$C:$C,"vivo",history!$D:$D,"postpaid",history!$A:$A,YEAR($A4)&"-"&TEXT(MONTH($A4),"00")&"-"&TEXT(DAY($A4),"00"))),"") | G4: =IFERROR(IF(_xlfn.MINIFS(history!$H:$H,history!$C:$C,"claro",history!$D:$D,"postpaid",history!$A:$A,YEAR($A4)&"-"&TEXT(MONTH($A4),"00")&"-"&TEXT(DAY($A4),"00"))=0,"",_xlfn.MINIFS(history!$H:$H,history!$C:$C,"claro",history!$D:$D,"postpaid",history!$A:$A,YEAR($A4)&"-"&TEXT(MONTH($A4),"00")&"-"&TEXT(DAY($A4),"00"))),"") | H4: =IFERROR(IF(_xlfn.MINIFS(history!$H:$H,history!$C:$C,"tim",history!$D:$D,"prepaid",history!$A:$A,YEAR($A4)&"-"&TEXT(MONTH($A4),"00")&"-"&TEXT(DAY($A4),"00"),history!$M:$M,">=28")=0,"",_xlfn.MINIFS(history!$H:$H,history!$C:$C,"tim",history!$D:$D,"prepaid",history!$A:$A,YEAR($A4)&"-"&TEXT(MONTH($A4),"00")&"-"&TEXT(DAY($A4),"00"),history!$M:$M,">=28")),"") | I4: =IFERROR(IF(_xlfn.MINIFS(history!$H:$H,history!$C:$C,"vivo",history!$D:$D,"prepaid",history!$A:$A,YEAR($A4)&"-"&TEXT(MONTH($A4),"00")&"-"&TEXT(DAY($A4),"00"),history!$M:$M,">=28")=0,"",_xlfn.MINIFS(history!$H:$H,history!$C:$C,"vivo",history!$D:$D,"prepaid",history!$A:$A,YEAR($A4)&"-"&TEXT(MONTH($A4),"00")&"-"&TEXT(DAY($A4),"00"),history!$M:$M,">=28")),"") | J4: =IFERROR(IF(_xlfn.MINIFS(history!$H:$H,history!$C:$C,"claro",history!$D:$D,"prepaid",history!$A:$A,YEAR($A4)&"-"&TEXT(MONTH($A4),"00")&"-"&TEXT(DAY($A4),"00"),history!$M:$M,">=28")=0,"",_xlfn.MINIFS(history!$H:$H,history!$C:$C,"claro",history!$D:$D,"prepaid",history!$A:$A,YEAR($A4)&"-"&TEXT(MONTH($A4),"00")&"-"&TEXT(DAY($A4),"00"),history!$M:$M,">=28")),"") | K4: =IFERROR(1/MAX(IFERROR(1/_xlfn.MINIFS(history!$H:$H,history!$C:$C,"tim",history!$D:$D,"lite",history!$A:$A,YEAR($A4)&"-"&TEXT(MONTH($A4),"00")&"-"&TEXT(DAY($A4),"00")),0),IFERROR(1/_xlfn.MINIFS(history!$H:$H,history!$C:$C,"tim",history!$D:$D,"flex",history!$A:$A,YEAR($A4)&"-"&TEXT(MONTH($A4),"00")&"-"&TEXT(DAY($A4),"00")),0)),"") | L4: =IFERROR(1/MAX(IFERROR(1/_xlfn.MINIFS(history!$H:$H,history!$C:$C,"vivo",history!$D:$D,"lite",history!$A:$A,YEAR($A4)&"-"&TEXT(MONTH($A4),"00")&"-"&TEXT(DAY($A4),"00")),0),IFERROR(1/_xlfn.MINIFS(history!$H:$H,history!$C:$C,"vivo",history!$D:$D,"flex",history!$A:$A,YEAR($A4)&"-"&TEXT(MONTH($A4),"00")&"-"&TEXT(DAY($A4),"00")),0)),"") | M4: =IFERROR(1/MAX(IFERROR(1/_xlfn.MINIFS(history!$H:$H,history!$C:$C,"claro",history!$D:$D,"lite",history!$A:$A,YEAR($A4)&"-"&TEXT(MONTH($A4),"00")&"-"&TEXT(DAY($A4),"00")),0),IFERROR(1/_xlfn.MINIFS(history!$H:$H,history!$C:$C,"claro",history!$D:$D,"flex",history!$A:$A,YEAR($A4)&"-"&TEXT(MONTH($A4),"00")&"-"&TEXT(DAY($A4),"00")),0)),"")
A5: 46197 | B5: =IFERROR(IF(_xlfn.MINIFS(history!$H:$H,history!$C:$C,"tim",history!$D:$D,"control",history!$A:$A,YEAR($A5)&"-"&TEXT(MONTH($A5),"00")&"-"&TEXT(DAY($A5),"00"))=0,"",_xlfn.MINIFS(history!$H:$H,history!$C:$C,"tim",history!$D:$D,"control",history!$A:$A,YEAR($A5)&"-"&TEXT(MONTH($A5),"00")&"-"&TEXT(DAY($A5),"00"))),"") | C5: =IFERROR(IF(_xlfn.MINIFS(history!$H:$H,history!$C:$C,"vivo",history!$D:$D,"control",history!$A:$A,YEAR($A5)&"-"&TEXT(MONTH($A5),"00")&"-"&TEXT(DAY($A5),"00"))=0,"",_xlfn.MINIFS(history!$H:$H,history!$C:$C,"vivo",history!$D:$D,"control",history!$A:$A,YEAR($A5)&"-"&TEXT(MONTH($A5),"00")&"-"&TEXT(DAY($A5),"00"))),"") | D5: =IFERROR(IF(_xlfn.MINIFS(history!$H:$H,history!$C:$C,"claro",history!$D:$D,"control",history!$A:$A,YEAR($A5)&"-"&TEXT(MONTH($A5),"00")&"-"&TEXT(DAY($A5),"00"))=0,"",_xlfn.MINIFS(history!$H:$H,history!$C:$C,"claro",history!$D:$D,"control",history!$A:$A,YEAR($A5)&"-"&TEXT(MONTH($A5),"00")&"-"&TEXT(DAY($A5),"00"))),"") | E5: =IFERROR(IF(_xlfn.MINIFS(history!$H:$H,history!$C:$C,"tim",history!$D:$D,"postpaid",history!$A:$A,YEAR($A5)&"-"&TEXT(MONTH($A5),"00")&"-"&TEXT(DAY($A5),"00"))=0,"",_xlfn.MINIFS(history!$H:$H,history!$C:$C,"tim",history!$D:$D,"postpaid",history!$A:$A,YEAR($A5)&"-"&TEXT(MONTH($A5),"00")&"-"&TEXT(DAY($A5),"00"))),"") | F5: =IFERROR(IF(_xlfn.MINIFS(history!$H:$H,history!$C:$C,"vivo",history!$D:$D,"postpaid",history!$A:$A,YEAR($A5)&"-"&TEXT(MONTH($A5),"00")&"-"&TEXT(DAY($A5),"00"))=0,"",_xlfn.MINIFS(history!$H:$H,history!$C:$C,"vivo",history!$D:$D,"postpaid",history!$A:$A,YEAR($A5)&"-"&TEXT(MONTH($A5),"00")&"-"&TEXT(DAY($A5),"00"))),"") | G5: =IFERROR(IF(_xlfn.MINIFS(history!$H:$H,history!$C:$C,"claro",history!$D:$D,"postpaid",history!$A:$A,YEAR($A5)&"-"&TEXT(MONTH($A5),"00")&"-"&TEXT(DAY($A5),"00"))=0,"",_xlfn.MINIFS(history!$H:$H,history!$C:$C,"claro",history!$D:$D,"postpaid",history!$A:$A,YEAR($A5)&"-"&TEXT(MONTH($A5),"00")&"-"&TEXT(DAY($A5),"00"))),"") | H5: =IFERROR(IF(_xlfn.MINIFS(history!$H:$H,history!$C:$C,"tim",history!$D:$D,"prepaid",history!$A:$A,YEAR($A5)&"-"&TEXT(MONTH($A5),"00")&"-"&TEXT(DAY($A5),"00"),history!$M:$M,">=28")=0,"",_xlfn.MINIFS(history!$H:$H,history!$C:$C,"tim",history!$D:$D,"prepaid",history!$A:$A,YEAR($A5)&"-"&TEXT(MONTH($A5),"00")&"-"&TEXT(DAY($A5),"00"),history!$M:$M,">=28")),"") | I5: =IFERROR(IF(_xlfn.MINIFS(history!$H:$H,history!$C:$C,"vivo",history!$D:$D,"prepaid",history!$A:$A,YEAR($A5)&"-"&TEXT(MONTH($A5),"00")&"-"&TEXT(DAY($A5),"00"),history!$M:$M,">=28")=0,"",_xlfn.MINIFS(history!$H:$H,history!$C:$C,"vivo",history!$D:$D,"prepaid",history!$A:$A,YEAR($A5)&"-"&TEXT(MONTH($A5),"00")&"-"&TEXT(DAY($A5),"00"),history!$M:$M,">=28")),"") | J5: =IFERROR(IF(_xlfn.MINIFS(history!$H:$H,history!$C:$C,"claro",history!$D:$D,"prepaid",history!$A:$A,YEAR($A5)&"-"&TEXT(MONTH($A5),"00")&"-"&TEXT(DAY($A5),"00"),history!$M:$M,">=28")=0,"",_xlfn.MINIFS(history!$H:$H,history!$C:$C,"claro",history!$D:$D,"prepaid",history!$A:$A,YEAR($A5)&"-"&TEXT(MONTH($A5),"00")&"-"&TEXT(DAY($A5),"00"),history!$M:$M,">=28")),"") | K5: =IFERROR(1/MAX(IFERROR(1/_xlfn.MINIFS(history!$H:$H,history!$C:$C,"tim",history!$D:$D,"lite",history!$A:$A,YEAR($A5)&"-"&TEXT(MONTH($A5),"00")&"-"&TEXT(DAY($A5),"00")),0),IFERROR(1/_xlfn.MINIFS(history!$H:$H,history!$C:$C,"tim",history!$D:$D,"flex",history!$A:$A,YEAR($A5)&"-"&TEXT(MONTH($A5),"00")&"-"&TEXT(DAY($A5),"00")),0)),"") | L5: =IFERROR(1/MAX(IFERROR(1/_xlfn.MINIFS(history!$H:$H,history!$C:$C,"vivo",history!$D:$D,"lite",history!$A:$A,YEAR($A5)&"-"&TEXT(MONTH($A5),"00")&"-"&TEXT(DAY($A5),"00")),0),IFERROR(1/_xlfn.MINIFS(history!$H:$H,history!$C:$C,"vivo",history!$D:$D,"flex",history!$A:$A,YEAR($A5)&"-"&TEXT(MONTH($A5),"00")&"-"&TEXT(DAY($A5),"00")),0)),"") | M5: =IFERROR(1/MAX(IFERROR(1/_xlfn.MINIFS(history!$H:$H,history!$C:$C,"claro",history!$D:$D,"lite",history!$A:$A,YEAR($A5)&"-"&TEXT(MONTH($A5),"00")&"-"&TEXT(DAY($A5),"00")),0),IFERROR(1/_xlfn.MINIFS(history!$H:$H,history!$C:$C,"claro",history!$D:$D,"flex",history!$A:$A,YEAR($A5)&"-"&TEXT(MONTH($A5),"00")&"-"&TEXT(DAY($A5),"00")),0)),"")
A6: 46198 | B6: =IFERROR(IF(_xlfn.MINIFS(history!$H:$H,history!$C:$C,"tim",history!$D:$D,"control",history!$A:$A,YEAR($A6)&"-"&TEXT(MONTH($A6),"00")&"-"&TEXT(DAY($A6),"00"))=0,"",_xlfn.MINIFS(history!$H:$H,history!$C:$C,"tim",history!$D:$D,"control",history!$A:$A,YEAR($A6)&"-"&TEXT(MONTH($A6),"00")&"-"&TEXT(DAY($A6),"00"))),"") | C6: =IFERROR(IF(_xlfn.MINIFS(history!$H:$H,history!$C:$C,"vivo",history!$D:$D,"control",history!$A:$A,YEAR($A6)&"-"&TEXT(MONTH($A6),"00")&"-"&TEXT(DAY($A6),"00"))=0,"",_xlfn.MINIFS(history!$H:$H,history!$C:$C,"vivo",history!$D:$D,"control",history!$A:$A,YEAR($A6)&"-"&TEXT(MONTH($A6),"00")&"-"&TEXT(DAY($A6),"00"))),"") | D6: =IFERROR(IF(_xlfn.MINIFS(history!$H:$H,history!$C:$C,"claro",history!$D:$D,"control",history!$A:$A,YEAR($A6)&"-"&TEXT(MONTH($A6),"00")&"-"&TEXT(DAY($A6),"00"))=0,"",_xlfn.MINIFS(history!$H:$H,history!$C:$C,"claro",history!$D:$D,"control",history!$A:$A,YEAR($A6)&"-"&TEXT(MONTH($A6),"00")&"-"&TEXT(DAY($A6),"00"))),"") | E6: =IFERROR(IF(_xlfn.MINIFS(history!$H:$H,history!$C:$C,"tim",history!$D:$D,"postpaid",history!$A:$A,YEAR($A6)&"-"&TEXT(MONTH($A6),"00")&"-"&TEXT(DAY($A6),"00"))=0,"",_xlfn.MINIFS(history!$H:$H,history!$C:$C,"tim",history!$D:$D,"postpaid",history!$A:$A,YEAR($A6)&"-"&TEXT(MONTH($A6),"00")&"-"&TEXT(DAY($A6),"00"))),"") | F6: =IFERROR(IF(_xlfn.MINIFS(history!$H:$H,history!$C:$C,"vivo",history!$D:$D,"postpaid",history!$A:$A,YEAR($A6)&"-"&TEXT(MONTH($A6),"00")&"-"&TEXT(DAY($A6),"00"))=0,"",_xlfn.MINIFS(history!$H:$H,history!$C:$C,"vivo",history!$D:$D,"postpaid",history!$A:$A,YEAR($A6)&"-"&TEXT(MONTH($A6),"00")&"-"&TEXT(DAY($A6),"00"))),"") | G6: =IFERROR(IF(_xlfn.MINIFS(history!$H:$H,history!$C:$C,"claro",history!$D:$D,"postpaid",history!$A:$A,YEAR($A6)&"-"&TEXT(MONTH($A6),"00")&"-"&TEXT(DAY($A6),"00"))=0,"",_xlfn.MINIFS(history!$H:$H,history!$C:$C,"claro",history!$D:$D,"postpaid",history!$A:$A,YEAR($A6)&"-"&TEXT(MONTH($A6),"00")&"-"&TEXT(DAY($A6),"00"))),"") | H6: =IFERROR(IF(_xlfn.MINIFS(history!$H:$H,history!$C:$C,"tim",history!$D:$D,"prepaid",history!$A:$A,YEAR($A6)&"-"&TEXT(MONTH($A6),"00")&"-"&TEXT(DAY($A6),"00"),history!$M:$M,">=28")=0,"",_xlfn.MINIFS(history!$H:$H,history!$C:$C,"tim",history!$D:$D,"prepaid",history!$A:$A,YEAR($A6)&"-"&TEXT(MONTH($A6),"00")&"-"&TEXT(DAY($A6),"00"),history!$M:$M,">=28")),"") | I6: =IFERROR(IF(_xlfn.MINIFS(history!$H:$H,history!$C:$C,"vivo",history!$D:$D,"prepaid",history!$A:$A,YEAR($A6)&"-"&TEXT(MONTH($A6),"00")&"-"&TEXT(DAY($A6),"00"),history!$M:$M,">=28")=0,"",_xlfn.MINIFS(history!$H:$H,history!$C:$C,"vivo",history!$D:$D,"prepaid",history!$A:$A,YEAR($A6)&"-"&TEXT(MONTH($A6),"00")&"-"&TEXT(DAY($A6),"00"),history!$M:$M,">=28")),"") | J6: =IFERROR(IF(_xlfn.MINIFS(history!$H:$H,history!$C:$C,"claro",history!$D:$D,"prepaid",history!$A:$A,YEAR($A6)&"-"&TEXT(MONTH($A6),"00")&"-"&TEXT(DAY($A6),"00"),history!$M:$M,">=28")=0,"",_xlfn.MINIFS(history!$H:$H,history!$C:$C,"claro",history!$D:$D,"prepaid",history!$A:$A,YEAR($A6)&"-"&TEXT(MONTH($A6),"00")&"-"&TEXT(DAY($A6),"00"),history!$M:$M,">=28")),"") | K6: =IFERROR(1/MAX(IFERROR(1/_xlfn.MINIFS(history!$H:$H,history!$C:$C,"tim",history!$D:$D,"lite",history!$A:$A,YEAR($A6)&"-"&TEXT(MONTH($A6),"00")&"-"&TEXT(DAY($A6),"00")),0),IFERROR(1/_xlfn.MINIFS(history!$H:$H,history!$C:$C,"tim",history!$D:$D,"flex",history!$A:$A,YEAR($A6)&"-"&TEXT(MONTH($A6),"00")&"-"&TEXT(DAY($A6),"00")),0)),"") | L6: =IFERROR(1/MAX(IFERROR(1/_xlfn.MINIFS(history!$H:$H,history!$C:$C,"vivo",history!$D:$D,"lite",history!$A:$A,YEAR($A6)&"-"&TEXT(MONTH($A6),"00")&"-"&TEXT(DAY($A6),"00")),0),IFERROR(1/_xlfn.MINIFS(history!$H:$H,history!$C:$C,"vivo",history!$D:$D,"flex",history!$A:$A,YEAR($A6)&"-"&TEXT(MONTH($A6),"00")&"-"&TEXT(DAY($A6),"00")),0)),"") | M6: =IFERROR(1/MAX(IFERROR(1/_xlfn.MINIFS(history!$H:$H,history!$C:$C,"claro",history!$D:$D,"lite",history!$A:$A,YEAR($A6)&"-"&TEXT(MONTH($A6),"00")&"-"&TEXT(DAY($A6),"00")),0),IFERROR(1/_xlfn.MINIFS(history!$H:$H,history!$C:$C,"claro",history!$D:$D,"flex",history!$A:$A,YEAR($A6)&"-"&TEXT(MONTH($A6),"00")&"-"&TEXT(DAY($A6),"00")),0)),"")
A7: 46199 | B7: =IFERROR(IF(_xlfn.MINIFS(history!$H:$H,history!$C:$C,"tim",history!$D:$D,"control",history!$A:$A,YEAR($A7)&"-"&TEXT(MONTH($A7),"00")&"-"&TEXT(DAY($A7),"00"))=0,"",_xlfn.MINIFS(history!$H:$H,history!$C:$C,"tim",history!$D:$D,"control",history!$A:$A,YEAR($A7)&"-"&TEXT(MONTH($A7),"00")&"-"&TEXT(DAY($A7),"00"))),"") | C7: =IFERROR(IF(_xlfn.MINIFS(history!$H:$H,history!$C:$C,"vivo",history!$D:$D,"control",history!$A:$A,YEAR($A7)&"-"&TEXT(MONTH($A7),"00")&"-"&TEXT(DAY($A7),"00"))=0,"",_xlfn.MINIFS(history!$H:$H,history!$C:$C,"vivo",history!$D:$D,"control",history!$A:$A,YEAR($A7)&"-"&TEXT(MONTH($A7),"00")&"-"&TEXT(DAY($A7),"00"))),"") | D7: =IFERROR(IF(_xlfn.MINIFS(history!$H:$H,history!$C:$C,"claro",history!$D:$D,"control",history!$A:$A,YEAR($A7)&"-"&TEXT(MONTH($A7),"00")&"-"&TEXT(DAY($A7),"00"))=0,"",_xlfn.MINIFS(history!$H:$H,history!$C:$C,"claro",history!$D:$D,"control",history!$A:$A,YEAR($A7)&"-"&TEXT(MONTH($A7),"00")&"-"&TEXT(DAY($A7),"00"))),"") | E7: =IFERROR(IF(_xlfn.MINIFS(history!$H:$H,history!$C:$C,"tim",history!$D:$D,"postpaid",history!$A:$A,YEAR($A7)&"-"&TEXT(MONTH($A7),"00")&"-"&TEXT(DAY($A7),"00"))=0,"",_xlfn.MINIFS(history!$H:$H,history!$C:$C,"tim",history!$D:$D,"postpaid",history!$A:$A,YEAR($A7)&"-"&TEXT(MONTH($A7),"00")&"-"&TEXT(DAY($A7),"00"))),"") | F7: =IFERROR(IF(_xlfn.MINIFS(history!$H:$H,history!$C:$C,"vivo",history!$D:$D,"postpaid",history!$A:$A,YEAR($A7)&"-"&TEXT(MONTH($A7),"00")&"-"&TEXT(DAY($A7),"00"))=0,"",_xlfn.MINIFS(history!$H:$H,history!$C:$C,"vivo",history!$D:$D,"postpaid",history!$A:$A,YEAR($A7)&"-"&TEXT(MONTH($A7),"00")&"-"&TEXT(DAY($A7),"00"))),"") | G7: =IFERROR(IF(_xlfn.MINIFS(history!$H:$H,history!$C:$C,"claro",history!$D:$D,"postpaid",history!$A:$A,YEAR($A7)&"-"&TEXT(MONTH($A7),"00")&"-"&TEXT(DAY($A7),"00"))=0,"",_xlfn.MINIFS(history!$H:$H,history!$C:$C,"claro",history!$D:$D,"postpaid",history!$A:$A,YEAR($A7)&"-"&TEXT(MONTH($A7),"00")&"-"&TEXT(DAY($A7),"00"))),"") | H7: =IFERROR(IF(_xlfn.MINIFS(history!$H:$H,history!$C:$C,"tim",history!$D:$D,"prepaid",history!$A:$A,YEAR($A7)&"-"&TEXT(MONTH($A7),"00")&"-"&TEXT(DAY($A7),"00"),history!$M:$M,">=28")=0,"",_xlfn.MINIFS(history!$H:$H,history!$C:$C,"tim",history!$D:$D,"prepaid",history!$A:$A,YEAR($A7)&"-"&TEXT(MONTH($A7),"00")&"-"&TEXT(DAY($A7),"00"),history!$M:$M,">=28")),"") | I7: =IFERROR(IF(_xlfn.MINIFS(history!$H:$H,history!$C:$C,"vivo",history!$D:$D,"prepaid",history!$A:$A,YEAR($A7)&"-"&TEXT(MONTH($A7),"00")&"-"&TEXT(DAY($A7),"00"),history!$M:$M,">=28")=0,"",_xlfn.MINIFS(history!$H:$H,history!$C:$C,"vivo",history!$D:$D,"prepaid",history!$A:$A,YEAR($A7)&"-"&TEXT(MONTH($A7),"00")&"-"&TEXT(DAY($A7),"00"),history!$M:$M,">=28")),"") | J7: =IFERROR(IF(_xlfn.MINIFS(history!$H:$H,history!$C:$C,"claro",history!$D:$D,"prepaid",history!$A:$A,YEAR($A7)&"-"&TEXT(MONTH($A7),"00")&"-"&TEXT(DAY($A7),"00"),history!$M:$M,">=28")=0,"",_xlfn.MINIFS(history!$H:$H,history!$C:$C,"claro",history!$D:$D,"prepaid",history!$A:$A,YEAR($A7)&"-"&TEXT(MONTH($A7),"00")&"-"&TEXT(DAY($A7),"00"),history!$M:$M,">=28")),"") | K7: =IFERROR(1/MAX(IFERROR(1/_xlfn.MINIFS(history!$H:$H,history!$C:$C,"tim",history!$D:$D,"lite",history!$A:$A,YEAR($A7)&"-"&TEXT(MONTH($A7),"00")&"-"&TEXT(DAY($A7),"00")),0),IFERROR(1/_xlfn.MINIFS(history!$H:$H,history!$C:$C,"tim",history!$D:$D,"flex",history!$A:$A,YEAR($A7)&"-"&TEXT(MONTH($A7),"00")&"-"&TEXT(DAY($A7),"00")),0)),"") | L7: =IFERROR(1/MAX(IFERROR(1/_xlfn.MINIFS(history!$H:$H,history!$C:$C,"vivo",history!$D:$D,"lite",history!$A:$A,YEAR($A7)&"-"&TEXT(MONTH($A7),"00")&"-"&TEXT(DAY($A7),"00")),0),IFERROR(1/_xlfn.MINIFS(history!$H:$H,history!$C:$C,"vivo",history!$D:$D,"flex",history!$A:$A,YEAR($A7)&"-"&TEXT(MONTH($A7),"00")&"-"&TEXT(DAY($A7),"00")),0)),"") | M7: =IFERROR(1/MAX(IFERROR(1/_xlfn.MINIFS(history!$H:$H,history!$C:$C,"claro",history!$D:$D,"lite",history!$A:$A,YEAR($A7)&"-"&TEXT(MONTH($A7),"00")&"-"&TEXT(DAY($A7),"00")),0),IFERROR(1/_xlfn.MINIFS(history!$H:$H,history!$C:$C,"claro",history!$D:$D,"flex",history!$A:$A,YEAR($A7)&"-"&TEXT(MONTH($A7),"00")&"-"&TEXT(DAY($A7),"00")),0)),"")
A8: 46200 | B8: =IFERROR(IF(_xlfn.MINIFS(history!$H:$H,history!$C:$C,"tim",history!$D:$D,"control",history!$A:$A,YEAR($A8)&"-"&TEXT(MONTH($A8),"00")&"-"&TEXT(DAY($A8),"00"))=0,"",_xlfn.MINIFS(history!$H:$H,history!$C:$C,"tim",history!$D:$D,"control",history!$A:$A,YEAR($A8)&"-"&TEXT(MONTH($A8),"00")&"-"&TEXT(DAY($A8),"00"))),"") | C8: =IFERROR(IF(_xlfn.MINIFS(history!$H:$H,history!$C:$C,"vivo",history!$D:$D,"control",history!$A:$A,YEAR($A8)&"-"&TEXT(MONTH($A8),"00")&"-"&TEXT(DAY($A8),"00"))=0,"",_xlfn.MINIFS(history!$H:$H,history!$C:$C,"vivo",history!$D:$D,"control",history!$A:$A,YEAR($A8)&"-"&TEXT(MONTH($A8),"00")&"-"&TEXT(DAY($A8),"00"))),"") | D8: =IFERROR(IF(_xlfn.MINIFS(history!$H:$H,history!$C:$C,"claro",history!$D:$D,"control",history!$A:$A,YEAR($A8)&"-"&TEXT(MONTH($A8),"00")&"-"&TEXT(DAY($A8),"00"))=0,"",_xlfn.MINIFS(history!$H:$H,history!$C:$C,"claro",history!$D:$D,"control",history!$A:$A,YEAR($A8)&"-"&TEXT(MONTH($A8),"00")&"-"&TEXT(DAY($A8),"00"))),"") | E8: =IFERROR(IF(_xlfn.MINIFS(history!$H:$H,history!$C:$C,"tim",history!$D:$D,"postpaid",history!$A:$A,YEAR($A8)&"-"&TEXT(MONTH($A8),"00")&"-"&TEXT(DAY($A8),"00"))=0,"",_xlfn.MINIFS(history!$H:$H,history!$C:$C,"tim",history!$D:$D,"postpaid",history!$A:$A,YEAR($A8)&"-"&TEXT(MONTH($A8),"00")&"-"&TEXT(DAY($A8),"00"))),"") | F8: =IFERROR(IF(_xlfn.MINIFS(history!$H:$H,history!$C:$C,"vivo",history!$D:$D,"postpaid",history!$A:$A,YEAR($A8)&"-"&TEXT(MONTH($A8),"00")&"-"&TEXT(DAY($A8),"00"))=0,"",_xlfn.MINIFS(history!$H:$H,history!$C:$C,"vivo",history!$D:$D,"postpaid",history!$A:$A,YEAR($A8)&"-"&TEXT(MONTH($A8),"00")&"-"&TEXT(DAY($A8),"00"))),"") | G8: =IFERROR(IF(_xlfn.MINIFS(history!$H:$H,history!$C:$C,"claro",history!$D:$D,"postpaid",history!$A:$A,YEAR($A8)&"-"&TEXT(MONTH($A8),"00")&"-"&TEXT(DAY($A8),"00"))=0,"",_xlfn.MINIFS(history!$H:$H,history!$C:$C,"claro",history!$D:$D,"postpaid",history!$A:$A,YEAR($A8)&"-"&TEXT(MONTH($A8),"00")&"-"&TEXT(DAY($A8),"00"))),"") | H8: =IFERROR(IF(_xlfn.MINIFS(history!$H:$H,history!$C:$C,"tim",history!$D:$D,"prepaid",history!$A:$A,YEAR($A8)&"-"&TEXT(MONTH($A8),"00")&"-"&TEXT(DAY($A8),"00"),history!$M:$M,">=28")=0,"",_xlfn.MINIFS(history!$H:$H,history!$C:$C,"tim",history!$D:$D,"prepaid",history!$A:$A,YEAR($A8)&"-"&TEXT(MONTH($A8),"00")&"-"&TEXT(DAY($A8),"00"),history!$M:$M,">=28")),"") | I8: =IFERROR(IF(_xlfn.MINIFS(history!$H:$H,history!$C:$C,"vivo",history!$D:$D,"prepaid",history!$A:$A,YEAR($A8)&"-"&TEXT(MONTH($A8),"00")&"-"&TEXT(DAY($A8),"00"),history!$M:$M,">=28")=0,"",_xlfn.MINIFS(history!$H:$H,history!$C:$C,"vivo",history!$D:$D,"prepaid",history!$A:$A,YEAR($A8)&"-"&TEXT(MONTH($A8),"00")&"-"&TEXT(DAY($A8),"00"),history!$M:$M,">=28")),"") | J8: =IFERROR(IF(_xlfn.MINIFS(history!$H:$H,history!$C:$C,"claro",history!$D:$D,"prepaid",history!$A:$A,YEAR($A8)&"-"&TEXT(MONTH($A8),"00")&"-"&TEXT(DAY($A8),"00"),history!$M:$M,">=28")=0,"",_xlfn.MINIFS(history!$H:$H,history!$C:$C,"claro",history!$D:$D,"prepaid",history!$A:$A,YEAR($A8)&"-"&TEXT(MONTH($A8),"00")&"-"&TEXT(DAY($A8),"00"),history!$M:$M,">=28")),"") | K8: =IFERROR(1/MAX(IFERROR(1/_xlfn.MINIFS(history!$H:$H,history!$C:$C,"tim",history!$D:$D,"lite",history!$A:$A,YEAR($A8)&"-"&TEXT(MONTH($A8),"00")&"-"&TEXT(DAY($A8),"00")),0),IFERROR(1/_xlfn.MINIFS(history!$H:$H,history!$C:$C,"tim",history!$D:$D,"flex",history!$A:$A,YEAR($A8)&"-"&TEXT(MONTH($A8),"00")&"-"&TEXT(DAY($A8),"00")),0)),"") | L8: =IFERROR(1/MAX(IFERROR(1/_xlfn.MINIFS(history!$H:$H,history!$C:$C,"vivo",history!$D:$D,"lite",history!$A:$A,YEAR($A8)&"-"&TEXT(MONTH($A8),"00")&"-"&TEXT(DAY($A8),"00")),0),IFERROR(1/_xlfn.MINIFS(history!$H:$H,history!$C:$C,"vivo",history!$D:$D,"flex",history!$A:$A,YEAR($A8)&"-"&TEXT(MONTH($A8),"00")&"-"&TEXT(DAY($A8),"00")),0)),"") | M8: =IFERROR(1/MAX(IFERROR(1/_xlfn.MINIFS(history!$H:$H,history!$C:$C,"claro",history!$D:$D,"lite",history!$A:$A,YEAR($A8)&"-"&TEXT(MONTH($A8),"00")&"-"&TEXT(DAY($A8),"00")),0),IFERROR(1/_xlfn.MINIFS(history!$H:$H,history!$C:$C,"claro",history!$D:$D,"flex",history!$A:$A,YEAR($A8)&"-"&TEXT(MONTH($A8),"00")&"-"&TEXT(DAY($A8),"00")),0)),"")
A9: 46201 | B9: =IFERROR(IF(_xlfn.MINIFS(history!$H:$H,history!$C:$C,"tim",history!$D:$D,"control",history!$A:$A,YEAR($A9)&"-"&TEXT(MONTH($A9),"00")&"-"&TEXT(DAY($A9),"00"))=0,"",_xlfn.MINIFS(history!$H:$H,history!$C:$C,"tim",history!$D:$D,"control",history!$A:$A,YEAR($A9)&"-"&TEXT(MONTH($A9),"00")&"-"&TEXT(DAY($A9),"00"))),"") | C9: =IFERROR(IF(_xlfn.MINIFS(history!$H:$H,history!$C:$C,"vivo",history!$D:$D,"control",history!$A:$A,YEAR($A9)&"-"&TEXT(MONTH($A9),"00")&"-"&TEXT(DAY($A9),"00"))=0,"",_xlfn.MINIFS(history!$H:$H,history!$C:$C,"vivo",history!$D:$D,"control",history!$A:$A,YEAR($A9)&"-"&TEXT(MONTH($A9),"00")&"-"&TEXT(DAY($A9),"00"))),"") | D9: =IFERROR(IF(_xlfn.MINIFS(history!$H:$H,history!$C:$C,"claro",history!$D:$D,"control",history!$A:$A,YEAR($A9)&"-"&TEXT(MONTH($A9),"00")&"-"&TEXT(DAY($A9),"00"))=0,"",_xlfn.MINIFS(history!$H:$H,history!$C:$C,"claro",history!$D:$D,"control",history!$A:$A,YEAR($A9)&"-"&TEXT(MONTH($A9),"00")&"-"&TEXT(DAY($A9),"00"))),"") | E9: =IFERROR(IF(_xlfn.MINIFS(history!$H:$H,history!$C:$C,"tim",history!$D:$D,"postpaid",history!$A:$A,YEAR($A9)&"-"&TEXT(MONTH($A9),"00")&"-"&TEXT(DAY($A9),"00"))=0,"",_xlfn.MINIFS(history!$H:$H,history!$C:$C,"tim",history!$D:$D,"postpaid",history!$A:$A,YEAR($A9)&"-"&TEXT(MONTH($A9),"00")&"-"&TEXT(DAY($A9),"00"))),"") | F9: =IFERROR(IF(_xlfn.MINIFS(history!$H:$H,history!$C:$C,"vivo",history!$D:$D,"postpaid",history!$A:$A,YEAR($A9)&"-"&TEXT(MONTH($A9),"00")&"-"&TEXT(DAY($A9),"00"))=0,"",_xlfn.MINIFS(history!$H:$H,history!$C:$C,"vivo",history!$D:$D,"postpaid",history!$A:$A,YEAR($A9)&"-"&TEXT(MONTH($A9),"00")&"-"&TEXT(DAY($A9),"00"))),"") | G9: =IFERROR(IF(_xlfn.MINIFS(history!$H:$H,history!$C:$C,"claro",history!$D:$D,"postpaid",history!$A:$A,YEAR($A9)&"-"&TEXT(MONTH($A9),"00")&"-"&TEXT(DAY($A9),"00"))=0,"",_xlfn.MINIFS(history!$H:$H,history!$C:$C,"claro",history!$D:$D,"postpaid",history!$A:$A,YEAR($A9)&"-"&TEXT(MONTH($A9),"00")&"-"&TEXT(DAY($A9),"00"))),"") | H9: =IFERROR(IF(_xlfn.MINIFS(history!$H:$H,history!$C:$C,"tim",history!$D:$D,"prepaid",history!$A:$A,YEAR($A9)&"-"&TEXT(MONTH($A9),"00")&"-"&TEXT(DAY($A9),"00"),history!$M:$M,">=28")=0,"",_xlfn.MINIFS(history!$H:$H,history!$C:$C,"tim",history!$D:$D,"prepaid",history!$A:$A,YEAR($A9)&"-"&TEXT(MONTH($A9),"00")&"-"&TEXT(DAY($A9),"00"),history!$M:$M,">=28")),"") | I9: =IFERROR(IF(_xlfn.MINIFS(history!$H:$H,history!$C:$C,"vivo",history!$D:$D,"prepaid",history!$A:$A,YEAR($A9)&"-"&TEXT(MONTH($A9),"00")&"-"&TEXT(DAY($A9),"00"),history!$M:$M,">=28")=0,"",_xlfn.MINIFS(history!$H:$H,history!$C:$C,"vivo",history!$D:$D,"prepaid",history!$A:$A,YEAR($A9)&"-"&TEXT(MONTH($A9),"00")&"-"&TEXT(DAY($A9),"00"),history!$M:$M,">=28")),"") | J9: =IFERROR(IF(_xlfn.MINIFS(history!$H:$H,history!$C:$C,"claro",history!$D:$D,"prepaid",history!$A:$A,YEAR($A9)&"-"&TEXT(MONTH($A9),"00")&"-"&TEXT(DAY($A9),"00"),history!$M:$M,">=28")=0,"",_xlfn.MINIFS(history!$H:$H,history!$C:$C,"claro",history!$D:$D,"prepaid",history!$A:$A,YEAR($A9)&"-"&TEXT(MONTH($A9),"00")&"-"&TEXT(DAY($A9),"00"),history!$M:$M,">=28")),"") | K9: =IFERROR(1/MAX(IFERROR(1/_xlfn.MINIFS(history!$H:$H,history!$C:$C,"tim",history!$D:$D,"lite",history!$A:$A,YEAR($A9)&"-"&TEXT(MONTH($A9),"00")&"-"&TEXT(DAY($A9),"00")),0),IFERROR(1/_xlfn.MINIFS(history!$H:$H,history!$C:$C,"tim",history!$D:$D,"flex",history!$A:$A,YEAR($A9)&"-"&TEXT(MONTH($A9),"00")&"-"&TEXT(DAY($A9),"00")),0)),"") | L9: =IFERROR(1/MAX(IFERROR(1/_xlfn.MINIFS(history!$H:$H,history!$C:$C,"vivo",history!$D:$D,"lite",history!$A:$A,YEAR($A9)&"-"&TEXT(MONTH($A9),"00")&"-"&TEXT(DAY($A9),"00")),0),IFERROR(1/_xlfn.MINIFS(history!$H:$H,history!$C:$C,"vivo",history!$D:$D,"flex",history!$A:$A,YEAR($A9)&"-"&TEXT(MONTH($A9),"00")&"-"&TEXT(DAY($A9),"00")),0)),"") | M9: =IFERROR(1/MAX(IFERROR(1/_xlfn.MINIFS(history!$H:$H,history!$C:$C,"claro",history!$D:$D,"lite",history!$A:$A,YEAR($A9)&"-"&TEXT(MONTH($A9),"00")&"-"&TEXT(DAY($A9),"00")),0),IFERROR(1/_xlfn.MINIFS(history!$H:$H,history!$C:$C,"claro",history!$D:$D,"flex",history!$A:$A,YEAR($A9)&"-"&TEXT(MONTH($A9),"00")&"-"&TEXT(DAY($A9),"00")),0)),"")
A10: 46202 | B10: =IFERROR(IF(_xlfn.MINIFS(history!$H:$H,history!$C:$C,"tim",history!$D:$D,"control",history!$A:$A,YEAR($A10)&"-"&TEXT(MONTH($A10),"00")&"-"&TEXT(DAY($A10),"00"))=0,"",_xlfn.MINIFS(history!$H:$H,history!$C:$C,"tim",history!$D:$D,"control",history!$A:$A,YEAR($A10)&"-"&TEXT(MONTH($A10),"00")&"-"&TEXT(DAY($A10),"00"))),"") | C10: =IFERROR(IF(_xlfn.MINIFS(history!$H:$H,history!$C:$C,"vivo",history!$D:$D,"control",history!$A:$A,YEAR($A10)&"-"&TEXT(MONTH($A10),"00")&"-"&TEXT(DAY($A10),"00"))=0,"",_xlfn.MINIFS(history!$H:$H,history!$C:$C,"vivo",history!$D:$D,"control",history!$A:$A,YEAR($A10)&"-"&TEXT(MONTH($A10),"00")&"-"&TEXT(DAY($A10),"00"))),"") | D10: =IFERROR(IF(_xlfn.MINIFS(history!$H:$H,history!$C:$C,"claro",history!$D:$D,"control",history!$A:$A,YEAR($A10)&"-"&TEXT(MONTH($A10),"00")&"-"&TEXT(DAY($A10),"00"))=0,"",_xlfn.MINIFS(history!$H:$H,history!$C:$C,"claro",history!$D:$D,"control",history!$A:$A,YEAR($A10)&"-"&TEXT(MONTH($A10),"00")&"-"&TEXT(DAY($A10),"00"))),"") | E10: =IFERROR(IF(_xlfn.MINIFS(history!$H:$H,history!$C:$C,"tim",history!$D:$D,"postpaid",history!$A:$A,YEAR($A10)&"-"&TEXT(MONTH($A10),"00")&"-"&TEXT(DAY($A10),"00"))=0,"",_xlfn.MINIFS(history!$H:$H,history!$C:$C,"tim",history!$D:$D,"postpaid",history!$A:$A,YEAR($A10)&"-"&TEXT(MONTH($A10),"00")&"-"&TEXT(DAY($A10),"00"))),"") | F10: =IFERROR(IF(_xlfn.MINIFS(history!$H:$H,history!$C:$C,"vivo",history!$D:$D,"postpaid",history!$A:$A,YEAR($A10)&"-"&TEXT(MONTH($A10),"00")&"-"&TEXT(DAY($A10),"00"))=0,"",_xlfn.MINIFS(history!$H:$H,history!$C:$C,"vivo",history!$D:$D,"postpaid",history!$A:$A,YEAR($A10)&"-"&TEXT(MONTH($A10),"00")&"-"&TEXT(DAY($A10),"00"))),"") | G10: =IFERROR(IF(_xlfn.MINIFS(history!$H:$H,history!$C:$C,"claro",history!$D:$D,"postpaid",history!$A:$A,YEAR($A10)&"-"&TEXT(MONTH($A10),"00")&"-"&TEXT(DAY($A10),"00"))=0,"",_xlfn.MINIFS(history!$H:$H,history!$C:$C,"claro",history!$D:$D,"postpaid",history!$A:$A,YEAR($A10)&"-"&TEXT(MONTH($A10),"00")&"-"&TEXT(DAY($A10),"00"))),"") | H10: =IFERROR(IF(_xlfn.MINIFS(history!$H:$H,history!$C:$C,"tim",history!$D:$D,"prepaid",history!$A:$A,YEAR($A10)&"-"&TEXT(MONTH($A10),"00")&"-"&TEXT(DAY($A10),"00"),history!$M:$M,">=28")=0,"",_xlfn.MINIFS(history!$H:$H,history!$C:$C,"tim",history!$D:$D,"prepaid",history!$A:$A,YEAR($A10)&"-"&TEXT(MONTH($A10),"00")&"-"&TEXT(DAY($A10),"00"),history!$M:$M,">=28")),"") | I10: =IFERROR(IF(_xlfn.MINIFS(history!$H:$H,history!$C:$C,"vivo",history!$D:$D,"prepaid",history!$A:$A,YEAR($A10)&"-"&TEXT(MONTH($A10),"00")&"-"&TEXT(DAY($A10),"00"),history!$M:$M,">=28")=0,"",_xlfn.MINIFS(history!$H:$H,history!$C:$C,"vivo",history!$D:$D,"prepaid",history!$A:$A,YEAR($A10)&"-"&TEXT(MONTH($A10),"00")&"-"&TEXT(DAY($A10),"00"),history!$M:$M,">=28")),"") | J10: =IFERROR(IF(_xlfn.MINIFS(history!$H:$H,history!$C:$C,"claro",history!$D:$D,"prepaid",history!$A:$A,YEAR($A10)&"-"&TEXT(MONTH($A10),"00")&"-"&TEXT(DAY($A10),"00"),history!$M:$M,">=28")=0,"",_xlfn.MINIFS(history!$H:$H,history!$C:$C,"claro",history!$D:$D,"prepaid",history!$A:$A,YEAR($A10)&"-"&TEXT(MONTH($A10),"00")&"-"&TEXT(DAY($A10),"00"),history!$M:$M,">=28")),"") | K10: =IFERROR(1/MAX(IFERROR(1/_xlfn.MINIFS(history!$H:$H,history!$C:$C,"tim",history!$D:$D,"lite",history!$A:$A,YEAR($A10)&"-"&TEXT(MONTH($A10),"00")&"-"&TEXT(DAY($A10),"00")),0),IFERROR(1/_xlfn.MINIFS(history!$H:$H,history!$C:$C,"tim",history!$D:$D,"flex",history!$A:$A,YEAR($A10)&"-"&TEXT(MONTH($A10),"00")&"-"&TEXT(DAY($A10),"00")),0)),"") | L10: =IFERROR(1/MAX(IFERROR(1/_xlfn.MINIFS(history!$H:$H,history!$C:$C,"vivo",history!$D:$D,"lite",history!$A:$A,YEAR($A10)&"-"&TEXT(MONTH($A10),"00")&"-"&TEXT(DAY($A10),"00")),0),IFERROR(1/_xlfn.MINIFS(history!$H:$H,history!$C:$C,"vivo",history!$D:$D,"flex",history!$A:$A,YEAR($A10)&"-"&TEXT(MONTH($A10),"00")&"-"&TEXT(DAY($A10),"00")),0)),"") | M10: =IFERROR(1/MAX(IFERROR(1/_xlfn.MINIFS(history!$H:$H,history!$C:$C,"claro",history!$D:$D,"lite",history!$A:$A,YEAR($A10)&"-"&TEXT(MONTH($A10),"00")&"-"&TEXT(DAY($A10),"00")),0),IFERROR(1/_xlfn.MINIFS(history!$H:$H,history!$C:$C,"claro",history!$D:$D,"flex",history!$A:$A,YEAR($A10)&"-"&TEXT(MONTH($A10),"00")&"-"&TEXT(DAY($A10),"00")),0)),"")
A12: Rows = day: each cell = cheapest R$ that carrier offered in the category on that snapshot_date — a live MINIFS over `history` matching the EXACT date (a locale-safe text date built from the row's date, since history stores dates as TEXT — CONTEXT §7). Pre = cheapest 30-day prepaid plan (validity_days >= 28; pre-#18 dates have no validity → blank, fills from 26-Jun on). Digital = min of Vivo Lite / Claro Flex. Heatmap = per-category-block green→yellow (each cell vs all carriers in its category; subtle while prices are near-flat, differentiates as they move). Grows one row per day; charts on the `Charts` sheet.

Sheet Charts
A1: Price evolution — cheapest R$ per carrier × category, by day (source: `comparison`)
P37: Latest-day price (bar source) | Q37: TIM | R37: Vivo | S37: Claro
P38: Control | Q38: =IF('comparison'!B10="",NA(),'comparison'!B10) | R38: =IF('comparison'!C10="",NA(),'comparison'!C10) | S38: =IF('comparison'!D10="",NA(),'comparison'!D10)
P39: Post | Q39: =IF('comparison'!E10="",NA(),'comparison'!E10) | R39: =IF('comparison'!F10="",NA(),'comparison'!F10) | S39: =IF('comparison'!G10="",NA(),'comparison'!G10)
P40: Pre | Q40: =IF('comparison'!H10="",NA(),'comparison'!H10) | R40: =IF('comparison'!I10="",NA(),'comparison'!I10) | S40: =IF('comparison'!J10="",NA(),'comparison'!J10)
P41: Digital | Q41: =IF('comparison'!K10="",NA(),'comparison'!K10) | R41: =IF('comparison'!L10="",NA(),'comparison'!L10) | S41: =IF('comparison'!M10="",NA(),'comparison'!M10)

Sheet Ranking
A1: Ranking (today) — within category, aligned by price rank
A3: Pure Postpaid
A4: Rank | B4: Vivo R$ | C4: Claro R$ | D4: TIM R$ | E4: Vivo plan | F4: Claro plan | G4: TIM plan
A5: 1 | B5: 150 | C5: 124.9 | D5: 119.99 | E5: Vivo Pós com Amazon (60GB) | F5: Pós 60GB (60GB) | G5: TIM Black A Express 67GB (67GB)
A6: 2 | B6: 165 | C6: 164.9 | D6: 129.99 | E6: Vivo Pós com Globoplay (60GB) | F6: Pós 50GB com GeForce NOW (50GB) | G6: TIM Black 70GB (70GB)
A7: 3 | B7: 165 | C7: 179.9 | D7: 144.99 | E7: Vivo Pós com Spotify (60GB) | F7: Pós 100GB (100GB) | G7: TIM Black B Express 82GB (82GB)
A8: 4 | B8: 180 | C8: 239.9 | D8: 149.99 | E8: Vivo Pós com Disney+ (60GB) | F8: Pós 150GB (150GB) | G8: TIM Black Plus 80GB (80GB)
A9: 5 | B9: 180 | C9: 339.9 | D9: 159.99 | E9: Vivo Pós com Netflix (60GB) | F9: Pós 200GB (200GB) | G9: TIM Black C Ultra 95GB (95GB)
A10: 6 | B10: 180 | D10: 159.99 | E10: Vivo Pós com Premiere (60GB) | G10: TIM Black Premium 110GB (110GB)
A11: 7 | B11: 215 | D11: 164.99 | E11: Vivo Pós com Travel (70GB) | G11: TIM Black C Express 107GB (107GB)
A13: Control / Hybrid
A14: Rank | B14: Vivo R$ | C14: Claro R$ | D14: TIM R$ | E14: Vivo plan | F14: Claro plan | G14: TIM plan
A15: 1 | B15: 59 | C15: 59.9 | D15: 58.99 | E15: Vivo Controle (46GB) | F15: Controle 25GB (25GB) · promo R$54.9 | G15: TIM Controle 41GB (41GB)
A16: 2 | B16: 80 | C16: 69.9 | D16: 60.99 | E16: Vivo Controle (61GB) | F16: Controle 30GB (30GB) | G16: TIM Controle Light Express 31GB (31GB)
A17: 3 | B17: 90 | C17: 99.9 | D17: 64.99 | E17: Vivo Controle Educação (61GB) | F17: Controle 30GB (30GB) | G17: TIM Controle Plus 45GB (45GB)
A18: 4 | B18: 90 | D18: 64.99 | E18: Vivo Controle Saúde (61GB) | G18: TIM Controle Pro Express
A19: 5 | B19: 95 | D19: 84.99 | E19: Vivo Controle Música (61GB) | G19: TIM Controle Premium 53GB (53GB)
A20: 6 | B20: 95 | E20: Vivo Controle Netflix (61GB)
A21: 7 | B21: 110 | E21: Vivo Controle Entretenimento (61GB)
A23: Prepaid
A24: Note: prepaid is not a clean unit — Claro Prezão is a daily fee (R$1/dia) vs Vivo/TIM recharge amounts.
A25: Rank | B25: Vivo R$ | C25: Claro R$ | D25: TIM R$ | E25: Vivo plan | F25: Claro plan | G25: TIM plan
A26: 1 | B26: 17 | C26: 15 | D26: 20 | E26: Vivo Pré (4GB) | F26: Prezão 4GB (12 dias) (4GB) | G26: TIM Pré XIP Plus 6GB (6GB)
A27: 2 | B27: 20 | C27: 15 | D27: 25 | E27: Vivo Pré (5GB) | F27: Prezão 5GB (15 dias) (5GB) | G27: TIM Pré XIP Plus 8GB (8GB)
A28: 3 | B28: 25 | C28: 20 | D28: 30 | E28: Vivo Pré (9GB) | F28: Prezão 6GB (20 dias) (6GB) | G28: TIM Pré XIP Plus 16GB (16GB)
A29: 4 | B29: 30 | C29: 20 | E29: Vivo Pré (25GB) | F29: Prezão 8GB (20 dias) (8GB)
A30: 5 | C30: 25 | F30: Prezão 10GB (25 dias) (10GB)
A31: 6 | C31: 25 | F31: Prezão 9GB (25 dias) (9GB)
A32: 7 | C32: 30 | F32: Prezão 12GB (30 dias) (12GB)
A34: Digital
A35: Digital = Vivo Lite + Claro Flex (TIM has no digital line).
A36: Rank | B36: Vivo R$ | C36: Claro R$ | D36: TIM R$ | E36: Vivo plan | F36: Claro plan | G36: TIM plan
A37: 1 | B37: 30 | C37: 44.9 | E37: Easy Lite (30GB) | F37: Flex 15GB (15GB)
A38: 2 | B38: 35 | C38: 59.9 | E38: Easy Lite (20GB) | F38: Flex 20GB (20GB)
A39: 3 | B39: 40 | C39: 69.9 | E39: Easy Lite (40GB) | F39: Flex 30GB (30GB)
A40: 4 | C40: 119.9 | F40: Flex 40GB (40GB)

Sheet Vivo
A1: Plan | B1: Price R$ | C1: Promo R$ | D1: Data | E1: Voice | F1: Unlimited apps | G1: Streaming | H1: Notes
A2: Postpaid
A3: Vivo Pós com Amazon | B3: 150 | D3: 60 GB (50 GB de franquia 10 GB de bônus) | H3: Assinatura Amazon Prime inclusa
A4: Vivo Pós com Globoplay | B4: 165 | D4: 60 GB (50 GB de franquia 10 GB de bônus) | G4: Globoplay | H4: Assinatura Globoplay inclusa
A5: Vivo Pós com Spotify | B5: 165 | D5: 60 GB (50 GB de franquia 10 GB de bônus) | G5: Spotify | H5: Assinatura Spotify Premium inclusa
A6: Vivo Pós com Disney+ | B6: 180 | D6: 60 GB (50 GB de franquia 10 GB de bônus) | G6: Disney+ | H6: Assinatura Disney+ Padrão inclusa
A7: Vivo Pós com Netflix | B7: 180 | D7: 60 GB (50 GB de franquia 10 GB de bônus) | G7: Netflix | H7: Assinatura Netflix Padrão inclusa
A8: Vivo Pós com Premiere | B8: 180 | D8: 60 GB (50 GB de franquia 10 GB de bônus) | G8: Premiere | H8: Assinatura Premiere inclusa
A9: Vivo Pós com Travel | B9: 215 | D9: 70 GB (60 GB de franquia 10 GB de bônus) | H9: 6 meses grátis de Gemini com AI Plus
A10: Control
A11: Vivo Controle | B11: 59 | D11: 46 GB (15 GB de franquia 31 GB de bônus) | H11: 6 meses grátis de Gemini com AI Plus
A12: Vivo Controle | B12: 80 | D12: 61 GB (20 GB de franquia 31 GB de bônus) | H12: 6 meses grátis de Gemini com AI Plus
A13: Vivo Controle Educação | B13: 90 | D13: 61 GB (20 GB de franquia 31 GB de bônus) | H13: Assinatura Vivae inclusa
A14: Vivo Controle Saúde | B14: 90 | D14: 61 GB (20 GB de franquia 31 GB de bônus) | H14: Assinatura Vale Saúde Sempre inclusa
A15: Vivo Controle Música | B15: 95 | D15: 61 GB (20 GB de franquia 31 GB de bônus) | H15: Apple Music Individual
A16: Vivo Controle Netflix | B16: 95 | D16: 61 GB (20 GB de franquia 31 GB de bônus) | H16: Assinatura Netflix Padrão com anúncios
A17: Vivo Controle Entretenimento | B17: 110 | D17: 61 GB (20 GB de franquia 31 GB de bônus) | H17: Assinatura Vivo TV Inicial inclusa
A18: Digital
A19: Easy Lite | B19: 30 | D19: 30 GB (30 GB de franquia) | H19: 2 meses de YouTube sem consumo no plano
A20: Easy Lite | B20: 35 | D20: 20 GB (20 GB de franquia) | H20: 2 meses de YouTube sem consumo no plano
A21: Easy Lite | B21: 40 | D21: 40 GB (40 GB de franquia) | H21: 2 meses de YouTube sem consumo no plano
A22: Prepaid
A23: Vivo Pré | B23: 17 | D23: 4 GB (4 GB para navegar como quiser) · 15d
A24: Vivo Pré | B24: 20 | D24: 5 GB (5 GB para navegar como quiser) · 17d
A25: Vivo Pré | B25: 25 | D25: 9 GB (6 GB para navegar como quiser 3 GB para navegar no YouTube) · 22d
A26: Vivo Pré | B26: 30 | D26: 25 GB (15 GB para navegar como quiser 5 GB de bônus 5 GB para navegar no Youtube) · 30d

Sheet Claro
A1: Plan | B1: Price R$ | C1: Promo R$ | D1: Data | E1: Voice | F1: Unlimited apps | G1: Streaming | H1: Notes
A2: Postpaid
A3: Pós 60GB | B3: 124.9 | D3: 60 GB | F3: WhatsApp | H3: Armazenamento na nuvem:; Google One ou iCloud+; WhatsApp ilimitado; Roaming: Passaporte Américas; Claro Sync: Smartwatch conectado
A4: Pós 50GB com GeForce NOW | B4: 164.9 | D4: 50 GB | F4: WhatsApp | H4: Armazenamento na nuvem:; Google One ou iCloud+; WhatsApp ilimitado; Roaming: Passaporte Américas; Claro Sync: Smartwatch conectado; Inclusa assinatura GeForce NOW
A5: Pós 100GB | B5: 179.9 | D5: 100 GB | F5: WhatsApp | H5: Armazenamento na nuvem:; Google One ou iCloud+; WhatsApp ilimitado; Roaming: Passaporte Américas; Claro Sync: Smartwatch conectado
A6: Pós 150GB | B6: 239.9 | D6: 150 GB | F6: WhatsApp | H6: Armazenamento na nuvem:; Google One ou iCloud+; WhatsApp ilimitado; Roaming: Passaporte Américas e Europa; Claro Sync: Smartwatch conectado
A7: Pós 200GB | B7: 339.9 | D7: 200 GB | F7: WhatsApp | H7: Armazenamento na nuvem:; Google One ou iCloud+; WhatsApp ilimitado; Roaming: Passaporte Mundo; Claro Sync: Smartwatch conectado
A8: Control
A9: Controle 25GB | B9: 59.9 | C9: 54.9 | D9: 25 GB | F9: WhatsApp | H9: Para uso livre; Para redes sociais e vídeos; Bônus exclusivo; Aproveite na sua franquia; WhatsApp e ligações ilimitadas · De R$ 59,90 Por:
A10: Controle 30GB | B10: 69.9 | D10: 30 GB | F10: WhatsApp | H10: Para uso livre; Bônus do Hexa para uso livre; Bônus para redes sociais e apps; Redes sociais e apps; WhatsApp ilimitado
A11: Controle 30GB | B11: 99.9 | D11: 30 GB | F11: WhatsApp | H11: Para uso livre; Bônus para redes sociais e apps; Bônus uso livre; Redes sociais e apps; WhatsApp ilimitado
A12: Digital
A13: Flex 15GB | B13: 44.9 | D13: 15 GB | F13: WhatsApp | H13: Para uso livre; Bônus do Hexa para uso livre; Para redes sociais e apps; Bônus extra nos apps; WhatsApp ilimitado
A14: Flex 20GB | B14: 59.9 | D14: 20 GB | F14: WhatsApp | H14: Para uso livre; Bônus do Hexa para uso livre; Para redes sociais e apps; Bônus extra nos apps; WhatsApp ilimitado
A15: Flex 30GB | B15: 69.9 | D15: 30 GB | F15: WhatsApp | H15: Para uso livre; Bônus do Hexa para uso livre; Para redes sociais e apps; Bônus extra nos apps; WhatsApp ilimitado; Assinatura Claro musica inclusa
A16: Flex 40GB | B16: 119.9 | D16: 40 GB | F16: WhatsApp | H16: Para uso livre; Para redes sociais e apps; Bônus uso livre; Bônus extra nos apps; WhatsApp ilimitado; Assinatura Claro musica inclusa
A17: Prepaid
A18: Prezão 4GB (12 dias) | B18: 15 | D18: 4 GB · 12d | H18: recarga Prezão R$15 — validade 12 dias
A19: Prezão 5GB (15 dias) | B19: 15 | D19: 5 GB · 15d | H19: recarga Prezão R$15 — validade 15 dias
A20: Prezão 6GB (20 dias) | B20: 20 | D20: 6 GB · 20d | H20: recarga Prezão R$20 — validade 20 dias
A21: Prezão 8GB (20 dias) | B21: 20 | D21: 8 GB · 20d | H21: recarga Prezão R$20 — validade 20 dias
A22: Prezão 10GB (25 dias) | B22: 25 | D22: 10 GB · 25d | H22: recarga Prezão R$25 — validade 25 dias
A23: Prezão 9GB (25 dias) | B23: 25 | D23: 9 GB · 25d | H23: recarga Prezão R$25 — validade 25 dias
A24: Prezão 12GB (30 dias) | B24: 30 | D24: 12 GB · 30d | H24: recarga Prezão R$30 — validade 30 dias

Sheet TIM
A1: Plan | B1: Price R$ | C1: Promo R$ | D1: Data | E1: Voice | F1: Unlimited apps | G1: Streaming | H1: Notes
A2: Postpaid
A3: TIM Black A Express 67GB | B3: 119.99 | D3: 67 GB
A4: TIM Black 70GB | B4: 129.99 | D4: 70 GB
A5: TIM Black B Express 82GB | B5: 144.99 | D5: 82 GB
A6: TIM Black Plus 80GB | B6: 149.99 | D6: 80 GB
A7: TIM Black C Ultra 95GB | B7: 159.99 | D7: 95 GB
A8: TIM Black Premium 110GB | B8: 159.99 | D8: 110 GB
A9: TIM Black C Express 107GB | B9: 164.99 | D9: 107 GB
A10: Control
A11: TIM Controle 41GB | B11: 58.99 | D11: 41 GB
A12: TIM Controle Light Express 31GB | B12: 60.99 | D12: 31 GB
A13: TIM Controle Plus 45GB | B13: 64.99 | D13: 45 GB
A14: TIM Controle Pro Express | B14: 64.99
A15: TIM Controle Premium 53GB | B15: 84.99 | D15: 53 GB
A16: Prepaid
A17: TIM Pré XIP Plus 6GB | B17: 20 | D17: 6 GB · 30d
A18: TIM Pré XIP Plus 8GB | B18: 25 | D18: 8 GB · 30d
A19: TIM Pré XIP Plus 16GB | B19: 30 | D19: 16 GB · 30d
